"","vtitle","vpoint","vreview"
"1","시카리오: 데이 오브 솔다도","7","일본엔 진짜 이런 귀신이 살까"
"2","공조2: 인터내셔날","10","인생영화... 영화 보려고 극장 3번 간 적은 처음이에요 노래가 나올 때마다 눈물파티네요"
"3","옆집사람","8","이정도면 충분히 매력 있는 캐릭터들, DC 특유의 액션을 제대로 보여준 영화가 아닌가..."
"4","인생은 아름다워","10","독립영화지만 신선한소재재밌다"
"5","에브리씽 에브리웨어 올 앳 원스","10","어릴적 완전 인생영화일정도로최고인데 너무 감동적이지만너무 슬펐어서 펑펑운기억..때문에다시 보고싶은데....다시는 못볼것같아요ㅠㅠ 슬퍼서... ㅜ.ㅜ"
"6","자백","8","Friendly gesture!!!!"
"7","20세기 소녀","8","비틀기또 비틀기 비틀어서 처음과 맞물리기. 결국 아무 것도 모른다는 것을 깨닫기. 그렇게 영화를 파괴하면서 완성하기."
"8","살인청부업자","10","재미있게 보았습니다!"
"9","리멤버","10","영화 내내 긴장하며 집중했다"
"10","낮에는 덥고 밤에는 춥고","10","응~~~?어….와!!!허허허…온 우주의 상처를 치유하는 멀티버스 마데카솔 같은 영화다."
"11","시카리오: 데이 오브 솔다도","9",""
"12","공조2: 인터내셔날","10","추워지면 생각나는 영화 같아요"
"13","옆집사람","9","초반 스토리는 약간 수면제였으나 액션으로 커버 가능했음"
"14","인생은 아름다워","5","흑인녀 개발암!  머리끄댕이잡고 흔들고싶네"
"15","에브리씽 에브리웨어 올 앳 원스","10","배우들의 연기력이 ㅎㄷㄷ해서 시간가는 줄 모르고 완전 몰입해서 봤다. 특히 나나 배우님이 이렇게 연기 잘하시는 줄 몰라서 깜짝 놀랐음!"
"16","자백","8","좋아했던 원작이라 리메이크도 봤어요 볼만했고 마지막은 달라서 또 좋네요 분위기 자체는 원작이 더 좋은듯합니다 그래도 추천"
"17","20세기 소녀","7","자파는 여기서도 못되 쳐먹게 나오는구만! 닥터 페이트 멋있다 ㅠㅠ"
"18","살인청부업자","10","평점이 낮아 기대없이 봤는데 정말 재미있게 봤다. 우리나라 SF의 희망을 봤다. 초반 설정부분만 잘 이해하면 재미있게 볼 수 있는 영화이다"
"19","리멤버","10","인생 영화.. 너무 인상 깊고 재미 있어요ㅠ 2시간 40분짜리 영화지만 그것마저 너무 아쉽게 느껴짐!"
"20","낮에는 덥고 밤에는 춥고","2","샤를리즈 테론 데리고 넘나 유치 뽕짝.. 하.. 애지간해서 영화 욕 안하는데.. 영상미는 있더라..0"
"21","시카리오: 데이 오브 솔다도","10","주기적으로 생각날때마다 봐도 재밌는 영화"
"22","공조2: 인터내셔날","10","존잼이런 SF영화류 좀 많이 나왔으면 좋겠다"
"23","옆집사람","6","범인은 바로... 눈의 꽃"
"24","인생은 아름다워","10","오랜만에 감동적이었어요."
"25","에브리씽 에브리웨어 올 앳 원스","10","이게 당최 뭔 영화냐 싶다가 마지막에 눈물콧물 다 쏟고옴"
"26","자백","10","이상민 남주혁 연기 잘하고 뭔가 생각보다 잼나고 슬펐어요"
"27","20세기 소녀","2","누가 주인공인건지 모르겠음 약간 마녀 비스무리하게 만들었는데 작품성은 극과극"
"28","살인청부업자","7","그저그런 싱거운 영화인 줄 알았는데 감독 유명세 보고 다시 봤네"
"29","리멤버","10","소설 원작이 주는 단단한 스토리와 멋진 연기 그리고 씩스센스급 반전의 결말 모처럼 영화다운 영화를 보았네요"
"30","낮에는 덥고 밤에는 춥고","7","원작 영화를 봤을때 느꼈던 충격은 없었지만 그냥 무난하게 재밌었음.. 이게 현실인지 리콜인지 생각하면서 보면 좀더 볼만함"
"31","시카리오: 데이 오브 솔다도","8","재밌다! 나나 이쁘고 연기 잘함"
"32","공조2: 인터내셔날","10",""
"33","옆집사람","2","웃는 얼굴이 기이하다."
"34","인생은 아름다워","10","별기대안하고 봤는데 잔잔하니 좋아요"
"35","에브리씽 에브리웨어 올 앳 원스","2","여주가 연기를 잘함 진짜 욕나올정도로 잘함 그리고 왜 여주인공위주의 영화는 성공할 수 없는지 잘 보여줌문제가 닥치면 해결하기위해서 힘을써야하는데 감정싸움하다가 골든타임 다 놓침나였으면 악령인지 귀신인지 트라우마한테 매우 화나서 그냥 죽여버렸을듯"
"36","자백","10","영화를 둘러싼 모든 요소들이 완벽합니다! 기다린 보람이 있어요 올해 본 영화 중 원픽이에요!"
"37","20세기 소녀","8","영화의 내용은 ‘살인청부업자: 악은 악으로 처단한다’ 제목으로 전체적인 내용을 예상할 수 있었다. 창의적인 내용, 치밀한 연출은 없었지만, 연기자들의 연기 가운데... 애쓰고 노력함이 느껴졌다. 권력과 돈을 위해서라면 살인도 서슴치 않았던 시의원 설민을 향해 기술자(살인청부업자)의 이 대사가 마음에 남는다. “배운 놈이나 못 배운 놈이나 가진 놈이나 못 가진 놈이나 죽음 앞에선 다 쓸모없는거잖아.” 어차피 죽는데 왜 더 가지려고 하지? 어차피 죽는데 왜 더 높아지려고 하지? 남을 밟아가면서..."
"38","살인청부업자","6","영화의 교훈: 엄마 말을 잘 듣자"
"39","리멤버","7","감독판 보고  있는데 어떤게 사실이고 어떤게 망상인지 설경구보다도 내가 더 헷갈리는 중... 와, 설경구랑 김남길 진짜 처절하게 싸운다. 결론보고 평점 1점 깍는다. 중국 영화냐? 갑자기 말도 안되는 반전은 뭐냐???"
"40","낮에는 덥고 밤에는 춥고","9","걍 재밌다 ㅈㄴ  카메론!"
"41","시카리오: 데이 오브 솔다도","7","허름하고 때로는 짐이되어서 부서지지만 결국 돌아가고 감내해야할 집. 우리집, 우리가족"
"42","공조2: 인터내셔날","10","얼치기에 인물없는 류준열의 극한 서사"
"43","옆집사람","9","예전 영화들을 보다보면 이시대에 어떻게 이런걸 찍었지? 싶은 영화들이 있는데 이것도 그렇다. 조그만 브라운관으로 tv를 보는 시대에 이런 비주얼이라니. B급향이 물씬나는 기괴한 상상력을 스크린에 그대로 옮겨놨다. 풍자도 시대를 초월해 (혹은 시대가 발전이 없던지) 지금 세태라고 해도 크게 어색함이 없다. 바로 작년 영화인 돈룩업도 잘 만든 풍자 영화임에도 딱히 밀리지 않는다. 경박한 화성인을 내세워 시종일관 권위를 조롱하고 클리셰를 비틀고 세상을 풍자하던 영화는 정치인, 매파 군인, 비둘기파 과학자, 아무튼 그 어떤 권력자도 아닌 할머니를 위하는 손자와 할머니의 컨트리 음악으로 침략자를 퇴치하며 마무리 짓는다. 평범한 이들과 감독의 유년시절 문화들에 경의를 표하는 유쾌한 b급 호러 코미디 영화."
"44","인생은 아름다워","2","하고 싶은 말이 뭔지도 모르겠고 기괴함과 잔인함만 남네요...분명 배우들은 훌륭한데 그래도 영화를 살리지는 못한 것 같습니다."
"45","에브리씽 에브리웨어 올 앳 원스","10","나라는 가치를 허무주의로 일깨워주고, 돌덩이들의 대화로 나를 울렸다.보잘것 없는 나에겐 다정함이 있고, 가족이란 사람은 괴로움과 동시에 거대한 행복을 느끼게 해준다."
"46","자백","4","맹시니가 좋아해요 체리따봉"
"47","20세기 소녀","5","볼 만했는데 김윤진 배우 톤이 거슬려요"
"48","살인청부업자","4","아깝다 내돈  물러다오  제발"
"49","리멤버","10","감동였어요.생각할 거리가 많네요~~♡♡"
"50","낮에는 덥고 밤에는 춥고","10","완전 만점짤 영화!!!!2006년 개봉영화라고 믿기지 않는....첨부터 끝까지 긴장하고 본 영화중 하나!!!!""국민이 정부를 두려워하면 안 된다. 정부가 국민을 두려워해야 한다.”요즘 한국사회에서 보여주고 잊지말아야 할 것!!"
"51","시카리오: 데이 오브 솔다도","10",""
"52","공조2: 인터내셔날","2","최악 마녀 외전 마남정도그냥 마녀 아류작 초반만 봐줄만함  초반 지나 갑자기 뒤죽박죽"
"53","옆집사람","1","최악이다 중학생이 감독한줄 알았다 너무 유치하고 뻔 스토리"
"54","인생은 아름다워","10","영화로 할 수 있는 모든 요소를 다 때려박은 작품 그런데 그게 다 최고수준이었다"
"55","에브리씽 에브리웨어 올 앳 원스","8","군대에서 별사탕을 주는 이유"
"56","자백","9","인비저블 게스트를 안 봐서 모르겠지만 연기, 스토리가 미쳤다. 반전은 괜찮았고 범인은 예측이 가능했지만 그걸 빼면 볼때마다 긴장감 있게 잘 살려냈다."
"57","20세기 소녀","6","스크림 1편은 다시 봐도 인상적인 명작이라 범인도 기억나고 알고봐도 재밌는 반면, 2편은 역시 속편의 법칙에서 크게 벗어나지 못한 범작"
"58","살인청부업자","10","내 인생의 최고의 영화힘들때 보는 영화"
"59","리멤버","10","누구의 몸값은 점점 내려가고 누구의 몸값은 점점 올라가고? 사람에게 몸값이 매겨질 수 있다고? 그런데 그런 현실이 실재하고 있네. ""도끼로 마빡을 찍든 식칼로 배때지를 쑤시든 고깃값을 번다, 뭐 이런 자본주의적인 개념으로 나가야지..."" 얼마든지 하찮게 추락할 수 있는 것이 또한 현실의 사람 몸값. 사람이 사람을 존중하지 않으면 그 사람은 한낱 미물과 다를 것이 없더라. 서로 대비되는 처녀성의 몸값과 장기 밀매의 몸값 흥정. 이 영화에서 가장 뚜렷하게 남는 이야기로 와 닿는다."
"60","낮에는 덥고 밤에는 춥고","8","김구의 머리로안중근의 가슴으로윤봉길의 손으로친일파를 척살한다"
"61","시카리오: 데이 오브 솔다도","10","디스 이즈 시네마"
"62","공조2: 인터내셔날","10","평점이 생각보다 낫네요. 나름 긴장감 있습니다"
"63","옆집사람","10","이성민 배우 연기가 진짜 압권인 영화.. 보면서 깜짝 놀랐어요"
"64","인생은 아름다워","4","임시완이 살린 영화 아닌가 싶다...."
"65","에브리씽 에브리웨어 올 앳 원스","7","“자연에 선과 악은 없다고 생각해요 그저 살아남기 위한거죠”"
"66","자백","8",""
"67","20세기 소녀","7","이성민 배우의 연기가 최고에요. 함께 호흡하는 남주혁이나 다른 배우분들도 마찬가지고.. 청산하지 못한 친일파, 청산하지 못한 역사를 한 캐릭터에 투영한 스토리라 마음 무겁게 보기도 했네요."
"68","살인청부업자","10","재미있음 배트맨+베놈+뱀파이어혼종이지만 악평이 많아서 걱정했는데 생각보다 괜찮음,여주지인공 이쁨,쿠키영상 흥미진진!"
"69","리멤버","8","세명중 양현민 연기는 진짜무당같았다마무리가좀아쉽"
"70","낮에는 덥고 밤에는 춥고","8","전 너무 재밌게 봤어요 우울하시고 눈물흘리고 싶으신 분께 추천 드립니다 ^^ 더 흥행했으면 좋겠네요"
"71","시카리오: 데이 오브 솔다도","6","파리에 가면 루카스 브라보를 만날수 있는건가"
"72","공조2: 인터내셔날","10","지루할 틈이 없고 잼있네요 ㅎ"
"73","옆집사람","8","이중반전이 있습니다.나나가 저리 예뻤나?"
"74","인생은 아름다워","7","얼마나 유치할까 싶었는데 기대치가 없어서 그랬는지 뻘하게 터지고 재밌네요 그리고.. 샤오팡.... 춤 실력 여기서도....!! ㅎㅎ"
"75","에브리씽 에브리웨어 올 앳 원스","10","초반에는 정신없이 재밌다가 나중에 정말 많이 울었어요 올해 본 영화 중에 손에 꼽게 좋았습니다!"
"76","자백","10","워..너무재밌었어요진짜"
"77","20세기 소녀","8","잔잔한 그때의 90년대 감성을 자극한다."
"78","살인청부업자","10","한시도 심심한 틈이 없네요"
"79","리멤버","8","평점 보고 기대 안하고 봤는데 생각보다 재미있었음... 부부도사 화이팅!"
"80","낮에는 덥고 밤에는 춥고","7","예상가는 이야기지만 보기 편하고 옷구경하는 재미가 있어용"
"81","시카리오: 데이 오브 솔다도","9","영상, 연출, 음악, 스토리 모두 완벽한 드림웍스의 애니메이션.동물(수인)이 주인공인 애니메이션이 주로 이용하는 종간의 갈등(선입견)을 배경으로 이야기 삼으며 악당들의 개과천선을 보여줍니다. 이 사이에 곁들어진 친구들과의 우정과 고전적인 반전 클리셰를 훌륭히 보여줍니다. 추후 시리즈화 되었으면 좋겠습니다."
"82","공조2: 인터내셔날","1","정치적 목적 담으려고 한거 같은데 무엇보다 영화감독한테 제일 열이 받는다."
"83","옆집사람","6","갱년기 엄마와 사춘기 딸과의 불화"
"84","인생은 아름다워","10","사회의 다양한 모습을 흥미롭게 조망한다. 오랫만에 즐거운 관람을 한 것 같다."
"85","에브리씽 에브리웨어 올 앳 원스","8","리메이크작이지만 재밌게 봤습니다~"
"86","자백","10","영상미도 너무 아름답고 감탄하면서, 오랜만에 몰입하면서 본 웰메이드 영화"
"87","20세기 소녀","8","가장 지루한 주제를 가장 유치한 방법으로 가장 안유치하게 표현한 영화"
"88","살인청부업자","7","아내를 사랑하는 한 남자 윌(제라드 버틀러)의 이야기가 화면 가득 채우는 영화 <분노의 추격자>를 보았습니다. 믿고 보는 배우 제라드의 사랑의 크기만큼 뜨거운 액션 영화였습니다.?바람피운 아내가 차갑게 대하며 시간을 갖자고 하자, 윌은 그녀를 그녀의 부모님댁에 데려다줍니다. 가는 도중 기름이 떨어져 주유소에 들르는 부부. 가려진 트럭 뒤로 아내 리사는 사라지고 윌은 그녀를 찾기 위해 경찰에 신고하지만, 경찰은 윌을 신문하며 오히려 그를 의심합니다. 바람피운 아내를 사랑하는 남자의 사랑은 어디까지 희생적일 수 있을까요??휴게소의 CCTV에 남겨진 아내 리사의 영상을 토대로 윌은 아내를 찾아 나섭니다. 아무것도 없이 시작된 그의 추격은 범인들의 윤곽이 선명해질수록 흥미진진해지는데요. 역시 맨손으로 적을 제압해 나가는 제라드의 액션은 너무나도 재미있습니다.?마약과 인신매매범들의 타깃이 된 리사는 고향의 친구에게 납치되어 어딘가에 갇혀있고, 그녀를 찾기 위해 온몸을 불살라 적들과 싸우는 남편의 모습은 너무도 멋집니다.?부유한 부동산 중개업자 윌, 그리고 어느새 식어버린 아내의 사랑을 되찾기 위해 고군분투하는 한 남자의 사랑이 위험천만하지만 아슬아슬하게 넘어가며 관객의 심장을 쫄깃거리게 만들었습니다.?특별한 이야기는 아니지만, 제라드의 액션을 보는 것만으로도 스트레스가 확 날아가 버리는 킬링타임용 영화입니다. 바람피운 아내를 용서하고 그녀를 구하기 위해 목숨을 바칠 수 있는 남편이 많지는 않겠지만, 윌의 사랑으로 아내 사라는 분명히 다시 돌아올 것이라는 생각이 드네요.?아내가 버린 버린 남자, 경찰도 믿어주지 않는 상황에서 그는 아내를 무사하게 구했을까요? 숨죽여 끝까지 윌을 응원하게 되는 영화 <분노의 추격자>였습니다."
"89","리멤버","8","전달하고자 하는 메시지를 짱구만의 감성과 개그로 풀어냈다"
"90","낮에는 덥고 밤에는 춥고","10","연가도 잘하고 재밌어요!!"
"91","시카리오: 데이 오브 솔다도","10","넘 재밌음...신은경님 멋있어요ㅜㅜㅜㅜ"
"92","공조2: 인터내셔날","8","스릴 완전 미쳤ㄷr..."
"93","옆집사람","2","스릴도 없고.. 어정쩡한 영화.. 박솔미 이쁘고 박해일 연기 좋다"
"94","인생은 아름다워","1","캐스팅 실컷 잘 해놓고 이렇게밖에 못 만드는 이유가 뭘까… 보면서 웃지도 울지도 않았음. 웃었던 순간은 키스신 장면뿐ㅋㅋ^.^시간 아깝다"
"95","에브리씽 에브리웨어 올 앳 원스","10","마츠코는 죽음이 두려워 살아간 것이 아니다 그저 꿈을 포기하지 않았을 뿐"
"96","자백","10","생각한.것.보다는.정말.재밌어요 ^^"
"97","20세기 소녀","8","이거 나만 재밌음? 스토리 이해 잘되던데 ;;"
"98","살인청부업자","7","연기는 출중한데 약간 스토리가 지루하네요"
"99","리멤버","10","희노애락을 모두 느낄 수 있는 레전드 영화,,"
"100","낮에는 덥고 밤에는 춥고","10","진짜 돌아버리게뇨어여 너무재밌어요 원래 이런장르의 영화를 안보는데 어쩌다 접했는데 생각이 많아지고 흥미진진하면서도 재밌어요 추천작,.."
"101","시카리오: 데이 오브 솔다도","7","피도 눈물도 없는...무자비함...집요함...그들을 만난게(?) 우연이 아니였구나...악을 행하는 것과 방관하는 건...다르지만 큰 차이가 없긴 하지...몇몇 영화 속 상황이 답답...고구마...특히 주유소씬...=33"
"102","공조2: 인터내셔날","1","아직도 빨갱이 선동질 하네"
"103","옆집사람","10","순간을 이겨내는 힘은 나를 응원해주는 사람들 사랑, 부끄러움, 용기, 추억 울지 않을 수 없는 감동적이고 재미있는 영화"
"104","인생은 아름다워","1",""
"105","에브리씽 에브리웨어 올 앳 원스","10","최고의  톱5안에드는  외국영화이며    충격적반전은     지금도    잊히지않는다"
"106","자백","10","공감가는 장면, 추억의 물건과 그시절 패션,그리고 그시절에 했던 장난들...ㅋ새록새록하게 떠올라서 재밌었어요마지막에 운호의 사인이 무엇인지 안나와서 궁금해요ㅠ"
"107","20세기 소녀","8","걸작에 묻은 한 줌의 페미니즘"
"108","살인청부업자","2","진짜 주인공 개답답. 병형신"
"109","리멤버","4","혼돈을 표현하려 했으나 혼란하기만 하네"
"110","낮에는 덥고 밤에는 춥고","5","다소 물렁물렁한 전쟁터에서 수애만 꼿꼿히 서 있다."
"111","시카리오: 데이 오브 솔다도","10","제 인생 최고의 영화예요..,"
"112","공조2: 인터내셔날","8","이것은 자아도취 혹은 자기반성. TOP인 줄 알았더니 그저 자기가 쌓은 탑 속."
"113","옆집사람","10","저는 너무 재미있었는데평점이 너무 낮아서 아쉽네요2부가 무척이나 기대가 됩니다"
"114","인생은 아름다워","10","따뜻한 동화같은 이야기"
"115","에브리씽 에브리웨어 올 앳 원스","10","아이를 키워보니 아이는 너무너무 많이 엄마를 사랑해요 엄마인 내가 아이에게 더 사랑받고 있더라고요 아이에게 엄마는 세상의 전부입니다 아이들에게 잘 해줍시다 그리고 로봇 초기화 버튼만 만들었어도..감동파괴ㅎㅎ"
"116","자백","8","아 인비져블 게스트 리메이크 한거였구나ㅋ"
"117","20세기 소녀","10","남아공 최고의 영화 더이상 말이 필요 없음"
"118","살인청부업자","6","배드신 없이 이미연과 이태란으로 밀어붙인게 무리수"
"119","리멤버","10","해외여행가는 기내에서 봤는데 마지막에  눈물이 눈물이 .  눈벌겋게해서 화장실로 바로 뛰어가 콧물눈물 닦으며 울었던 영화."
"120","낮에는 덥고 밤에는 춥고","7","그럭저럭"
"121","시카리오: 데이 오브 솔다도","1","알바 푼거아니죠?15분 보다가 그냥 결말보고 껏음"
"122","공조2: 인터내셔날","8","원작보다 친절하게 설명하고 개연성도 잘 다듬었는데, 다만 왜 사족을 다셨나요? 원작처럼 거기서 임팩트 있게 등장하면서 끝났어야 해요."
"123","옆집사람","8","설렁설렁한 스토리 하지만 느낌 있는 액션!개인적으로 샤잠보단 좀더 진중해서 더 재미있었다."
"124","인생은 아름다워","8","이건 하나의 덩어리다. 마지막에는 건물이 거의 권해효씨를 뱉어내는 것 같았다."
"125","에브리씽 에브리웨어 올 앳 원스","10","박해일씨 연기너무좋았어요탕웨이씨의 대사하나하나 고풍스럽고 아름답네요"
"126","자백","10","요즘 군대는 모르겠지만 저 시절 실제 병영생활 분위기를 잘 표현했습니다. 영화라는게 놀라울 정도의 연출과 출연진의 열연이 돋보이는 영화입니다."
"127","20세기 소녀","1",""
"128","살인청부업자","7","사랑받지 못한 자들의 사랑하는 법"
"129","리멤버","10","재미있고 옛감성을 느낄수있어서 좋았어요~^^"
"130","낮에는 덥고 밤에는 춥고","9","블록버스터 영화의 정수이자 그 자체톰 크루즈라는 새로운 장르를 만들어줘야 되는건 아닌가 싶다"
"131","시카리오: 데이 오브 솔다도","2","신세계 감독이래서 기대했더니이게 뭐임"
"132","공조2: 인터내셔날","10","언제나..사랑은 상대가 잘 되길 바라는 것"
"133","옆집사람","10","힘든일이 생기고 나서 보니 이렇게 내 마음을 대변해주는 영화가 없는 듯....비참한 현실 속에서도 생겨나는 사랑과 가족애.... 너무나도 잘 만든 영화"
"134","인생은 아름다워","8","신파긴 한데 억지감동이라고는 못 느꼈는데... 학생들이 표정 연기를 너무 잘해"
"135","에브리씽 에브리웨어 올 앳 원스","10","내가 힘들때 힘이 되어주고 위로가 되어줬던 영화다. 나에게도 절대 용서할 수 없는 사람이 생겼는데 그는 가족이었기에 용서해야만 했다. 난 신에게 어떻게하면 그를 용서할 수 있는지 수없이 질문을 했지만 답이 없었다. 하지만 이 영화를 보고 나서 깨달았다. 그리고 이젠 그를 용서할 수 있었다."
"136","자백","6","와.. 반전인가요완전 두군두근 거리며 보고 있었는데마지막이 왜.."
"137","20세기 소녀","10","진짜 병맛인데 울고 있는 저를 발견했습니다..."
"138","살인청부업자","10","여운이 언제 꺼질까 싶음"
"139","리멤버","8","눈이 즐거운 영화!!"
"140","낮에는 덥고 밤에는 춥고","10","어떤 순간, 어느 곳에 있더라도, 모든 것이 헛될지라도"
"141","시카리오: 데이 오브 솔다도","10","잔잔하게 보기 좋았어요.가족이란 어떤 것 일까 여러가지 감정과 생각이 드는 작품이 였습니다."
"142","공조2: 인터내셔날","6","기대 안하고 보면 뭐 적당히 스며드는 정도..?"
"143","옆집사람","10","러닝타임이 끝나도 즐거운 영화는 오랜만이다."
"144","인생은 아름다워","8",""
"145","에브리씽 에브리웨어 올 앳 원스","10","단순하게 재밌는데 왜이리 눈물 포인트가 많은지....눈물이 몇번이나 펑펑 났다....장르 드라마인듯?"
"146","자백","10","저는 즐겁게 잘 봤습니다"
"147","20세기 소녀","10","빛이 나는사람 김호중 응원합니다"
"148","살인청부업자","10","초반에 보기힘든 부분이 있지만결말에는 정말 감탄했습니다"
"149","리멤버","8","현생인류의 기원이 되는 아프리카. 하지만 인류 역사에서 손톱에 박힌 가시처럼 늘 마음 한 구석을 저리고 아프게 하는 아프리카. 이 영화에서도 아프리카는 결국 희생양이었다. 아프리카에서 벌어지는 그 어두운 진실을 밝히려다 스러지고 마는 주인공 레이첼 와이즈. 그 주인공의 행적을 따라가다 이내 공공연하게 진실을 밝히게 되는 남자 주인공. 담담하지만 가슴 아리게 다가오는 영화다."
"150","낮에는 덥고 밤에는 춥고","10","역시 손현주네요 툭뚝 무심결에 벹는 말투가 삶의 베테랑 같이 느껴져 좋네요"
"151","시카리오: 데이 오브 솔다도","10","진짜 잼있음 한번 보세여"
"152","공조2: 인터내셔날","10","스토리는 진부했지만 코믹스영화답게 개연성 필요없이 계속 싸워서 좋았음. 닥터 페이트가 마법사 뽕도 채워줘서 좋았다. 최근 나온 히어로 영화중에서 제일 재밌었습니다."
"153","옆집사람","8","OOO기력 일가 끝까지 침묵한그의 분노 무서워서볼수가없었다 다봤지만 이래서 연기에 몰입한연기의 두려움느낄정도.."
"154","인생은 아름다워","4","자연의 이치를 들어 변론하기에는 너무 빈약한 서사와 얄팍한 감정선. 쓸데없는 베드씬은 왜이리 많은지."
"155","에브리씽 에브리웨어 올 앳 원스","7","고고다니노를 좋아한다면 추천!4세이하 아이들이 보기에는 무서운 장면이 있을수 있음특히 과격한 장면 등등~"
"156","자백","10","초반부는 좀 유치한감이 없지않아있는데 후반부는 재밌고 감동적이고해서 눈물이 줄줄 나오더라구요 너무 재밌게 봤습니다~ 또 보고싶어요!"
"157","20세기 소녀","10","데이빗김만큼 드라마틱하고 매력적인 히스토리를 가진 주인공은 소설에서도 흔치않을 것같다 소설'파친코'속 이주한인들의 삶도 대단하지만 데이빗김은 앞으로의 인생도 궁금증을 유발하는 인물임에는 틀림없다-영화 재밌었습니다 진심으로."
"158","살인청부업자","10","오랜만에 짱구보니깐, 어릴때 생각도 나고 좋았어요!스토리도 흥미진진하고 지루하지 않았어요 굿"
"159","리멤버","2","엄청나게 따분함. 영상 톤도 굉장히 칙칙해서 보는 내내 기분이 우울한 그런 영화임."
"160","낮에는 덥고 밤에는 춥고","6","편집이 좀 이상한것 빼고는 그런데로."
"161","시카리오: 데이 오브 솔다도","5","다른 잡다한 이야기보다는 노래를 많이 듣자"
"162","공조2: 인터내셔날","9","다 커서 다시 보니까 엄청 무섭진 않네요. 스릴러 정도?"
"163","옆집사람","2","재난 액션 잘나가다 영화를 ㅂㅅ으로 만드냐 반일반미에 억지 신파극까지"
"164","인생은 아름다워","10","가족 영화에 넣을 수 있는 쾌락이란 쾌락은 다 넣고 2배속 돌린 기분. 그런데도 완성도가 깨지질 않네."
"165","에브리씽 에브리웨어 올 앳 원스","3","와 이렇게 정신없는 영화는 처음. 끝까지 본게대단하네요"
"166","자백","7","조폭의 비정한 셰계를 잘보여준다"
"167","20세기 소녀","10","이 영화는 병맛이 아니라 잘만든 멋진 영화입니다전례없는 스타일"
"168","살인청부업자","9","이 영화가 생각보다 평이 박하네...개인적으론 연기가 일단 압권으로 최고이고...스토리도 상당히 흥미롭지 않은가...마지막 은근한 머리 아픈 결말까지... 그리 박하게 평가받을 만한 졸작은 아닌데..."
"169","리멤버","2","진짜 아역 죽이고 싶음 너무 억지 스토리촌스럽고 올드하고..재미도 감동도 없음"
"170","낮에는 덥고 밤에는 춥고","10","진짜 반전에반전이 예상외의 스토리가 보는내내 몰입감으로 정말 흥미진진하게 잘봤어요꼭 꼭 보세요 완전강추~^^"
"171","시카리오: 데이 오브 솔다도","10","옛날 생각나서 눈물 글썽였네요..."
"172","공조2: 인터내셔날","2","이런3류영화 시나리오 쓴사람도 문제지만이런 영화에 투자한 투자배급사 담당자는 사표내야할듯 당연히 흥행은 달나라로보는내내 모 이런 영화가있나 싶어 보다보다 승질나서  스톱 투자배급사 망하게한영횐"
"173","옆집사람","2","네이버 알바들이 실제 존재하는군요.진짜 스토리도, 연기도 엉망집에서 봤는데, 독립비급엉성한 삼류영화입니다. 스토리는 예상대로 뻔하고요."
"174","인생은 아름다워","1","추억의 만화 타이거마스크를 욕보이지 말라!"
"175","에브리씽 에브리웨어 올 앳 원스","9","역사의 비극을 영어로만  진술해야 한다는 참담함.."
"176","자백","5","좋게 말해서 잔잔 힐링이지 그냥 지루 노잼 이라는 말이에요"
"177","20세기 소녀","9","별거 없는 인간들아 나에겐 다정함이 있어"
"178","살인청부업자","10","거의 코미디 영화임ㅋㅋ 마지막 주연 이빨빠지는거 개웃...개그요소가 많아요 ㅋㅋ 잼께 봄 ㅠㅠ"
"179","리멤버","10","그래 .. 이 기분 나만 느낄순 없지"
"180","낮에는 덥고 밤에는 춥고","10","간만에 좋은 작품 봤습니다 내용, 영상미 다 좋네요"
"181","시카리오: 데이 오브 솔다도","10","인생 영화 TOP3 에 듭니다연출 소리 스토리 다 완벽합니다꼭 아이맥스로 보세요"
"182","공조2: 인터내셔날","8","역관광이 뭔가를 보여주네"
"183","옆집사람","8","이태원참사이후에 이영화를 보니 느껴지는게 많다"
"184","인생은 아름다워","5","신선함을 가장한 클리셰 덩어리. 안타깝게도 2탄이 나올 것이 분명하다."
"185","에브리씽 에브리웨어 올 앳 원스","8","유치하긴한데 볼만은 함"
"186","자백","8","좋아하는 두배우 나오는데두배우의 좋은연기. 깔끔한 스토리.재밌게 봤어요"
"187","20세기 소녀","9","감사합니다 잊지않겠습니다"
"188","살인청부업자","8","공주가 아닌 평민, 젊은이가 아닌 노인 버전 로마의 휴일...아니 파리의 휴일"
"189","리멤버","10","긴장을 놓을 수 없는 짜릿함이 있는 영화!"
"190","낮에는 덥고 밤에는 춥고","10","마지막 장면의 원어 자막판도 좋았지만 개인적으로 더빙판의 나레이션이 감동을 배가되게 만들어줬고 여전히 기억에 남네요."
"191","시카리오: 데이 오브 솔다도","10","스토리 연기 뭐하나 모자른게 없습니다.. 영화보다 잘 조는데 졸 틈이 없었습니다 ㅎㅎ"
"192","공조2: 인터내셔날","4","새드앤딩임... 보고나서 기분만 찝찝해지고주인공이 살았으면 좋았을텐데 좀 아쉽다"
"193","옆집사람","8",";"
"194","인생은 아름다워","8","테러행위가 어떨때까지 정당할까?그전에 죄의 대가를 치루지 않은 우리의 부끄러운 역사"
"195","에브리씽 에브리웨어 올 앳 원스","10","오랫만에 블랙코미디 영화를 봤네요 영화에 한참 몰두하고 보니 어느새 영화가 끝났네요 젊은 감독의 참신성이 보인 좋은 작품의 영화였네요 강추합니다"
"196","자백","8","f"
"197","20세기 소녀","8","크게 특별할 것 없는 스토리지만 그만큼 확실한 감동이 있는 영화"
"198","살인청부업자","8","난 나름 재미있게 봤네요악평댓글에 망설였지만마녀2 악평 댓글 처럼 이 영화도 그랬지만마녀2도 나름 재밌었구요늑대사냥역시. 재밌었네요서인국이 너무 빨리죽어서 의아했네요"
"199","리멤버","9",""
"200","낮에는 덥고 밤에는 춥고","4","아우.. 재미있는 소재로 이따위로 영화를 만드네. 배우가 아깝다. 보다 짜증나서 껐어.."
"201","시카리오: 데이 오브 솔다도","8","발암영화라서 몰입도가 높긴한데 남자주인공에게 화가난다."
"202","공조2: 인터내셔날","10","뭐땜에 그랬노 / 주희땜에 그랬습니더 / 주희가 누군데 / 여자친굽니더 / 이새끼 딸래미땜에 그랬어!"
"203","옆집사람","8","초반에 아담이 사람들을 죽일때 좀 불편한  기분이 들었지만 대부분 재밌어요 cg가 많아 화면이 칙칙해요. 쿠키영상 슈퍼맨 멎져 갑자기 주인공이 오징어가 되는.. ㅋㅋ"
"204","인생은 아름다워","10","이해는 안 되지만 끌리는 신비함"
"205","에브리씽 에브리웨어 올 앳 원스","8","그렇게 까일정도는 아닌듯   연기들은 다 훌륭햇음 확실히    로보트 요런씬만 쫌 하튼 낫베드"
"206","자백","10","와 나는 진짜 재밌는데! 평점 왜이럼"
"207","20세기 소녀","10","내돈내산 N차 관람 중인데 볼때마다 시간 순삭입니다! 자취하는 사람인데 정말 나한테도 일어날 수 있는 일이라고 생각하니 더 몰입되네요! 다 보고나면 알수없는 울림까지 주는 좋은 작품입니다!! 그리고 무엇보다 현민역을 맡으신 희진 배우님…연기가 영화 전체을 압도합니다…! 저는 이 영화를 계기로 완전 팬이 되었네요^^ 앞으로도 좋은 활동 기대하겠습니다!"
"208","살인청부업자","6","예고편보다 지루하고 좀 이게말이되나하고 의심스럽다해여하나 내연성? 이런게맞나? 싶은장면이많이나옴 그렇다고 킬링타임으로도 보기아까울정도로 유쾌하지도않음"
"209","리멤버","10","미지막 김윤진 최광일 배우 두분의 표정 연기가 영화의 시작과 끝. 원작과 비교해 더 나은 시나리오와 연기. 내용을 알기에 가볍게 봤다가 어이쿠 이건 전혀 다른 영화군 하고 한방 맞음 . 매우 강추."
"210","낮에는 덥고 밤에는 춥고","1","다섯번째 보고있는데 이불 뒤집어 쓰고 문 닫고 별 OO을 가 해도 3화부터 하나도 안 보여서 뻥 말고 무슨 내용인지 하나도 모르겠다. 역대급 화면 밝기. 지들은 찍으면서 서로의 얼굴이 보였을까? 내용이고 나발이고 아니 기본적으로 보여야 보지. x발 내돈."
"211","시카리오: 데이 오브 솔다도","10","아주 재미있게 봤습니다!"
"212","공조2: 인터내셔날","2","너무 개연성이 떨어짐스토리 전개도 내용이 너무 뻔했음돈주고 보기 아까움"
"213","옆집사람","10","왜 유명한지 알게 되었던 영화 노래를 저절로 흥얼거리게 만듬"
"214","인생은 아름다워","7","동심이 조금이라도 있었으면 더 재밌었을텐데"
"215","에브리씽 에브리웨어 올 앳 원스","8","연기 잘하드라 ㅎㅎ 재밋게 보고왓음"
"216","자백","10","하이퍼리얼리티같은 배우들의연기가볼만하네요. 은근긴장감도있고 스토리도울림을주네요."
"217","20세기 소녀","10","돌멩이 두 개와 자막 뿐인 화면을 보는데 왜 눈물이 나는지 모르겠다."
"218","살인청부업자","10","아이들이 미니언즈보다 재미있다고 하네요~"
"219","리멤버","10","아주 재미있습니다.아이와 함께 보기에 좋네요."
"220","낮에는 덥고 밤에는 춥고","8",""
"221","시카리오: 데이 오브 솔다도","10","개슬퍼어! 몇번을 봤는지 모르겠다 지금도 보고 있다"
"222","공조2: 인터내셔날","7","디씨영화 특유의 흐름깨는 슬로우모션 없어서 더 잼썼음. 엔딩크레딧 첫 OST꼭 듣고 나오세요 좋아요!"
"223","옆집사람","1","와이게 도둑들 암살 만든 감독이 맞나 싶을 정도로 재미가 없다 시간 아까움"
"224","인생은 아름다워","9","올해 본 영화중 가장 재미있었던 영화 몇개를 고르라고 한다면 이 영화는 꼭 넣을 것 같다. 약간의 유머와 따뜻한 스토리, 화려한 영상미가 좋았다."
"225","에브리씽 에브리웨어 올 앳 원스","10","나름 액션이 끊기지않고 재미있음."
"226","자백","10","휴지 꼭 챙겨가세요...ㅠㅠ 너무 재미있게 잘 봤습니다 다음에 부모님께도 보여드리고 싶은 영화에요"
"227","20세기 소녀","10","휴지 꼭 챙겨가세요...ㅠㅠ 너무 재미있게 잘 봤습니다 다음에 부모님께도 보여드리고 싶은 영화에요"
"228","살인청부업자","10","휴지 꼭 챙겨가세요...ㅠㅠ 너무 재미있게 잘 봤습니다 다음에 부모님께도 보여드리고 싶은 영화에요"
"229","리멤버","6","잊으면 안되는 사실을 주제로 잊어버리는 병을 가진 노인이 포르쉐를 타고 질주한다. 하소연에 가까운 설명과 설득들이 신선한 질주와 멋진 연기에 제동을 건다."
"230","낮에는 덥고 밤에는 춥고","2","어디서 저런 여배...우도아니다"
"231","시카리오: 데이 오브 솔다도","1","유치원생도 이정돈 만들겠다"
"232","공조2: 인터내셔날","10",""
"233","옆집사람","8","가볍게 즐기는 오락영화~그래 오래 살았는데 이제서야 세상 다 산듯 허무해하지만 여전히 애같은 우리 또르ㅋ"
"234","인생은 아름다워","8","생각한거보다 재밌고 지루하지않네요."
"235","에브리씽 에브리웨어 올 앳 원스","8","초반 파트1이 너무 어지럽고 무슨 스토리인지 이해가 안가서 힘들었네요~ 그 후로 파트2-3 가면서 무슨 내용인지 이해가고 좋은 결말이라 좋았어요~ 저는 잔잔하고 코믹한 가족 영화겠거니 했는데 완전 신박한 스타일이라 호불호 갈리긴 할듯요~"
"236","자백","9","나에게도 이런 엄마가 있어서 다행이야"
"237","20세기 소녀","7","스토리가 탄탄하다.절제된 긴장감도 인상적이다."
"238","살인청부업자","10","당신이 또 내게 상처준다해도 다른 생에선 당신이랑 빨래방도 하고 세금도 내면서 살고싶어"
"239","리멤버","10","압도적이었다."
"240","낮에는 덥고 밤에는 춥고","4","개그랍시고 넣은 장면은 웃기지도 않았고, 갈수록 유치해진다. OST와 크리스찬 베일의 연기가 유이한 장점"
"241","시카리오: 데이 오브 솔다도","7","귀여운 맛에 보는 영화이고 목적은 충실히 이행한듯"
"242","공조2: 인터내셔날","10","당신이 놓친 인생 영화, 리틀포레스트와 같은 감미로운 분위기, 청량감이 느껴지는 이영화 꼭 보세요!상우역을 최대한 잘 살린 JB 당신의 팬이에요♥?"
"243","옆집사람","10","재미있네, 전우치 느낌도 나고 ㅋㅋ"
"244","인생은 아름다워","5","초중반부까진 좋았으나 후반부 되도않는 스토리와 사상들... 봐주기가 힘들었다"
"245","에브리씽 에브리웨어 올 앳 원스","10","좌파듫이 장악한 역사왜곡 한국영화들은 절대 보지 맙시다"
"246","자백","8","전체적으로 볼만했으나 대사가 안들리는 부분이 좀 있었다"
"247","20세기 소녀","9","1도 재밌었는데 1보다도 더 재밌는듯"
"248","살인청부업자","7","코스믹 호러같은 느낌이 나쁘진 않았다"
"249","리멤버","10","배우들 연기가 아주 좋아요"
"250","낮에는 덥고 밤에는 춥고","9","액션이 시원시원해서 좋았고 멋지고 재밌었어요"
"251","시카리오: 데이 오브 솔다도","10","모두에게 사랑받는 명작인데는 다 이유가 있다"
"252","공조2: 인터내셔날","8","일단 배우들의 연기가 좋았다. 이데올로기와 개인의 삶에 대해 생각해볼 기회를 주는영화."
"253","옆집사람","9","안 슬픈 부분이 없네요..ㅎ 재밌기도 함"
"254","인생은 아름다워","5","개인적으로는 불호였다"
"255","에브리씽 에브리웨어 올 앳 원스","7","스토리는 평이하지만 시원한 액션만으로 돈값은 한다"
"256","자백","5","호러 영화인가 개그 영화인가"
"257","20세기 소녀","7","따뜻한 내용이나 원작을 잘몰라서"
"258","살인청부업자","3","그냥 마블의 아류작 느낌시간 낭비 좋아하시면 추천드립니다 슈퍼히어로물"
"259","리멤버","10","스토리 가  헛점이 없어서 좋아요.   유해진이 A급 이였다는걸  이제서야  알았네요."
"260","낮에는 덥고 밤에는 춥고","10","올해 본 한국 영화중 울림은 단연 최고인듯"
"261","시카리오: 데이 오브 솔다도","9","오랜만에 영화다운 영화봤네 잼있게봤습니다 눈호강 영화 ㅇㅈ"
"262","공조2: 인터내셔날","1","자유 한미일 vs 적화 북중러"
"263","옆집사람","6","나탈리 포트만이 예뻐서 6점"
"264","인생은 아름다워","10","나나 연기잘해서 놀랑"
"265","에브리씽 에브리웨어 올 앳 원스","8","술안주 같은 영화."
"266","자백","10","스크린 마다 캐릭터를 살리는 마력! 황정민."
"267","20세기 소녀","8","수준낮은 신파극일까 걱정했는데 재미있게 잘 봤습니다."
"268","살인청부업자","9","긴장감있게 잘봤습니다."
"269","리멤버","7","영화가 끝나고서야 흑백영화인지 알았다"
"270","낮에는 덥고 밤에는 춥고","6","아직 아이언맨1이 나오지 못했는데 어벤져스1부터 만들고 싶어한 느낌… 한국형 히어로물의 지평을 넓혀가는 노력에는 찬사를 보내지만… 우리의 오리지널이 어딘가 본듯한 기시감을 넘어서지 못했다 응원했으나 아쉬운 작품"
"271","시카리오: 데이 오브 솔다도","6","그냥저냥 킬링타임용"
"272","공조2: 인터내셔날","10","진짜로 재밌었고 시즌2 했으면 좋겠다 ㅠㅜ멧돼지가 좀 짜증나긴하지만 .."
"273","옆집사람","10","순애보의 정석. 당신의 눈동자에 건배."
"274","인생은 아름다워","8","긴 시간에도 지루하지 않고 몰입도가 너무 좋았다  마지막 반전아닌 반전에선 남주 입장에선 스릴러 아닌가? 덜덜덜"
"275","에브리씽 에브리웨어 올 앳 원스","10","청춘이라는 주제를 아이들의 관점으로 볼 수 있게 만든 영화 같음 ㅠㅠ 하지만 성인이 보고 눈물 줄줄 흘리게 되는 영화"
"276","자백","8","극장에서 진짜 많이 웃으면서 봤어요ㅋㅇㅋ"
"277","20세기 소녀","10","재밌다 옛날 생각도나고 많이보삼"
"278","살인청부업자","10","양영희 감독님께서 길고 먼 길을 돌아와 하나의 결말을 만드심"
"279","리멤버","10","믿고보는 배우 고두심, 지현우의 재발견"
"280","낮에는 덥고 밤에는 춥고","9","연기도 오글거리고가끔 유치하지만그래도 충분히 볼만한 영화"
"281","시카리오: 데이 오브 솔다도","10","또 다시 생기지 말아야 하며현시대 우리가 각인 해야 될것을다시 상기 시켜줌!감사 드립니다"
"282","공조2: 인터내셔날","7","1편보다 몰입감은 떨어지지만 캐릭터 자체가 매력이 있기에 볼만한 영화다"
"283","옆집사람","10","롯데를사랑하는 팬으로써정말감동적이고 보는내내행복한시간이었습니다?나의 영원한롯데 화이팅~~~"
"284","인생은 아름다워","10","최고의 지브리 애니 입니다 ^^"
"285","에브리씽 에브리웨어 올 앳 원스","8","중국판 어벤져스 느낌입니다"
"286","자백","9","김윤진의 이유있는 어색한 연기가 훌륭하다"
"287","20세기 소녀","2","내평생 처음으로 리뷰를 써본다내인생 최고의 워스트 영화다.조옥같다"
"288","살인청부업자","1","희대의 OOO기 영화. 평점낮추려고 쓴다."
"289","리멤버","10",""
"290","낮에는 덥고 밤에는 춥고","8",""
"291","시카리오: 데이 오브 솔다도","8","누구나 자신만의 지옥은 하나씩 있다."
"292","공조2: 인터내셔날","8","기대안하고 봣는데 생각보다 연기력이며 괜찮았고 마지막에 조금 슬펏어요 ㅠ"
"293","옆집사람","10","감독이 천재인가? 라는 생각이 들었다."
"294","인생은 아름다워","6","우리의 이야기로 잘 풀어낼 수 있는 소재의 원작이라고 생각했었는데.. 갸우뚱하게 되는 설정과 전개가 아쉽다. 박근형 배우는 [아들의 이름으로]에 이어서 이 영화에서도..."
"295","에브리씽 에브리웨어 올 앳 원스","10","폐쇄된 공간에서 이런 짜임새를 볼수 있어서 아주 재밌었음"
"296","자백","10","힐링 영화"
"297","20세기 소녀","6","여주가 너무 예뻐요 내용은 좀 어렵고 지루함 ㅠ"
"298","살인청부업자","8","원작을 봤기때문에 비교하면서 볼수 있어서 좋았다~  재미없으면 어떨까 했는데  헐 비슷하지만 끌고가는힘이 스릴이 있어서 지루하지않게 잘봤다."
"299","리멤버","8","내 말이 진실이다 믿게끔 만드는 연기자들의 연기가 곧 힘이자 재미.원작을 알고 봤으면 어땠을까 싶다."
"300","낮에는 덥고 밤에는 춥고","10","최고 연기 스토리 이게영화지"
"301","시카리오: 데이 오브 솔다도","10","현실과 너무 괴리가 있는 영화, 하지만 친일은 청산해야 될 숙제이다."
"302","공조2: 인터내셔날","10","수십번을다시봐도 감동은 눈물을 짖게합니다.."
"303","옆집사람","1","0점짜리 영화!!!!"
"304","인생은 아름다워","9","긴박감 넘치는 액션이 많아서 재밌게 잘 봤음!!!"
"305","에브리씽 에브리웨어 올 앳 원스","10","와우 b급 영화일거라 생각하고 봤는데 b급에 충실한 수작이면 감동이 배가되는것 같다 너무 재미 있었다"
"306","자백","10","재밌네요~ 연출도 시시하지 않고 재미있었어요.외국인 연기랑 욕하는게 이상하다고 평가한 사람들은 쓸데없는데 신경이 거슬렸나보네요.그리고 뭐 없어도 되지만 구지 하나를 말하자면 감동 포인트가 약간 더 있었으면 좋겠어요."
"307","20세기 소녀","10","안본줄알고 봤는데 또 재밌는영화"
"308","살인청부업자","1","알바들이 너무 많다....도대체 무슨 내용인지도 모르겠고;; 중-후반으로 갈 수록 무슨 이야기를 하는지 더욱 더 알 수가 없다"
"309","리멤버","10","재밌다 진짜 뜻밖의 발견! 첨엔 과하다 싶었던 캐릭터에 묘하게 빠져든다!!!"
"310","낮에는 덥고 밤에는 춥고","8","결코 무너지지 않는 하루하루.. 제작환경이 반영된 극사실적인 분위기가 좋다.."
"311","시카리오: 데이 오브 솔다도","7","긴장감 없는 스릴러영화"
"312","공조2: 인터내셔날","2","..음……,,….. 클리셰 요소가 너무 많은듯"
"313","옆집사람","10","방아쇠를 망설이지 않고 당길때 시원했어요너무 가슴아픈 스토리지만 잘봤습니다"
"314","인생은 아름다워","1","서인국 같은 애들 진심 왜쓰면서 돈을 꼬라박는지 1도 모르겠닼 키키키"
"315","에브리씽 에브리웨어 올 앳 원스","8","와 지금봐도 독특하고 세련된 영화였어요. 휴고 위빙 연기 너무 잘합니다. v 캐릭터 매력있네요."
"316","자백","4","영국배경 정치드라마가 이렇게 유치할 수 있다니. 가이 포크스가 민주화열사냐?"
"317","20세기 소녀","10","박해준의 그 말이 사랑 고백이였음을 알았을때 한번 감탄하고  그 감탄으로  영화를 곱씹다보니 서래가 사랑을 시작한 순간과 사랑하는 이를 위해  했던 그녀 행동들이 너무 가슴 아파서  오래도록 이 여운이 남을거같다"
"318","살인청부업자","10","책을 정말 재미있게 봤고 한 순간순간마다 그 아름다움을 상상하는 재미가 있었는데, 기대 이상으로 그 느낌을 잘 살려준 영화"
"319","리멤버","10","극장에 있을 때 꼭 보세요"
"320","낮에는 덥고 밤에는 춥고","6","영화는 시골 복숭아밭 가운데 있는 작은 집을 중심으로 일어나는 대 가족의 이야기를 보여준다. 달콤한 납작 복숭아는 가족의 생계이다. 너무 맛있어 보이는 복숭아지만, 그 수익만으로는 살아가기가 풍족해 보이지 않는다. 그러나 가족들은 너무 행복해 보인다. 아이들의 웃음 속에는 그런 걱정이 보이지 않는다. 하지만 어른들은 언제 쫓겨날지 모르는 상황이 불안하기만 하다.?영화 중간중간에 흐르는 음악과 춤이 보여주는 그들의 삶은 노동 뒤에 오는 고단함을 잊게 만들어 준다. 그들만이 가진 흥이 어려운 삶 속에서도 한 가닥 희망으로 버티게 해주는 것 같다.?농촌의 삶은 세상 어디나 비슷한 것 같다. 우리나라의 농촌도 그리 풍족하지는 않지만 그들만의 삶과 흥이 존재하는 것처럼 영화 속의 알카라스도 위태위태하지만 그들의 삶을 그들 나름대로 계획하고 영위하고 있다.?하지만, 3대가 모두 안전하지만은 않은 상황 속에서 갈등과 고민 그리고 위험에 노출되어 방치되는 삶은 어찌 보면 무책임하게 느껴지기도 했다. 일과 행복의 워라벨이 절실히 필요한 그들에게 미래는 어떻게 다가올 것인지, 행복해 보이는 장면이 더 안쓰럽게 느껴지는 것은 그 행복이 얼마 지나지 않아 불행으로 바뀌는 것을 알고 있기 때문이 아닐까??간절히 바라지 않는 모습이 눈앞에 펼쳐진 순간, 그것을 바라보는 행복했던 그들의 표정을 잊을 수가 없었다. 달콤한 복숭아, 아름다운 햇빛 그리고 행복한 사람들의 표정만으로도 힐링이 되는 영화 <알카라스의 여름>이었습니다."
"321","시카리오: 데이 오브 솔다도","7","조금 아쉽네요"
"322","공조2: 인터내셔날","7","법정스릴러가 아닌 자연이 키워낸 소녀의 성장기, 그 소녀 역을 맡은 배우의 연기가 대단하다."
"323","옆집사람","7","원작 만화와는 다른 매력이 충분히 있다. 연기를 잘 못하던 시절의 나탈리 포트만이라던가.."
"324","인생은 아름다워","9","네가 길을 잃으면 날 찾을 수 있을거야.몇 번이고"
"325","에브리씽 에브리웨어 올 앳 원스","6","친일파 척결이라는 치트키를 쓰긴 했지만 이성민의 연기는 설득력이 충분했다."
"326","자백","10","인생영화에요 혼자만 볼 수 없어요"
"327","20세기 소녀","10","가장 사랑하는 영화 중 하나랍니다"
"328","살인청부업자","10","이 영화는 유정이가 다했다"
"329","리멤버","10","이 영화는 유정이가 다했다"
"330","낮에는 덥고 밤에는 춥고","10","이 영화는 유정이가 다했다"
"331","시카리오: 데이 오브 솔다도","10","이 영화는 유정이가 다했다"
"332","공조2: 인터내셔날","10","이 영화는 유정이가 다했다"
"333","옆집사람","10","이 영화는 유정이가 다했다"
"334","인생은 아름다워","10","이 영화는 유정이가 다했다"
"335","에브리씽 에브리웨어 올 앳 원스","10","이 영화는 유정이가 다했다"
"336","자백","10","이 영화는 유정이가 다했다"
"337","20세기 소녀","10","이 영화는 유정이가 다했다"
"338","살인청부업자","10","Good너무재밌어요"
"339","리멤버","10","간만에 잘만든 미국영화 예전 흐르는강물처럼 같은 영화로 서정적이고 스토리도 좋고 반전도 있음  헐크 검은백설공주 수퍼히로재탕삼탕에 망한 미국영화계의 부활"
"340","낮에는 덥고 밤에는 춥고","8","양파껍질 까기같이 공간에 따라 돌고 도는 나의 모습"
"341","시카리오: 데이 오브 솔다도","7","불의에 맞서는 휴고 위빙의 카리스마가 돋보이는 sf 영화"
"342","공조2: 인터내셔날","4","역시 형만한 아우는 없는가?… 노 잼… 왜 8점대인지 모르겠음…1편 도돌이표하는 것 같음 진부하고 지루함…"
"343","옆집사람","10",""
"344","인생은 아름다워","9","연기가 미쳤어요 ㅠㅠ 몰임감 개쩔고 식은땀 나면서 봤음 ㅎㅅㅎ솔직히 기대 안했는데 기대 이상 인 것 같음 반전에 반전의 영화"
"345","에브리씽 에브리웨어 올 앳 원스","10","아직도 피해자는 살아계시고 그 가족들이 있습니다."
"346","자백","6","SF를 넘어서 판타지가 아닐정도로 비현실.. 아니 초현실적이다. 이 정도 능력이면 어벤져스랑 동급일듯. 이야기 전개는 느리고 스토리는 빈약하다."
"347","20세기 소녀","6","스토리가 좀 끼워맞추는 느낌이 나서 몰입이 떨어졌어요...이성민씨 연기는 넘 멋졌습니다!"
"348","살인청부업자","8","조진웅배우땜에 선택했지만 나름 괜찮았어요지루한틈없이 재밌게봤습니다"
"349","리멤버","8","ott에 올라와서 시청했는데 평과 달리 전 상당히 재밌게 봤습니다.스토리도 이해 안가는 수준도 아니었고,,,"
"350","낮에는 덥고 밤에는 춥고","10","사랑하는 영화에요 ♡♥"
"351","시카리오: 데이 오브 솔다도","7","겟아웃까지는 좋았는데 어스, 놉은 비유가 너무 많아 무슨 말을 하고 싶은 건지 잘 모르겠다. 해설 찾아봐야 알 수 있는 영화가 좋은 영화일까? 어려운 주제도 이해하기 쉽게 만드는 게 좋은 영화라고 생각한다"
"352","공조2: 인터내셔날","10","2편 대체 언제 나와요 … 흑흑흑 17년째 기다리는 중"
"353","옆집사람","10",""
"354","인생은 아름다워","10","대전 cgv  ,영화보러 갔다가 뭔 영환지도 모르고 시간대가 딱 맞아 아내랑 보게됐음  첨엔 전혀  모르는 배우들이 나오고 돈도 별로 안든 영화같았는데 갈수록 물입하는 나 자신에  이건 뭐지... 신인 주연배우들의 연기  긴장감  중간중간 나도 모르게 웃게만드는  잘 짜여진 시나리오 기대하지 않았던만큼 놀랐음근데 궁긍하긴 하네 코인어쨌든 감독 배우 모두 신인인것 같은데 영화는 좋아 10  점 줍니다"
"355","에브리씽 에브리웨어 올 앳 원스","8","재미있었어요. 배우분들 연기력도 뛰어나고, 긴장감도 많이 높았습니다. 원작을 안보신 분들은 원작도 보시기를 추천드려요."
"356","자백","8","깊은 메시지은 좋았으나, 살짝 아쉬운 서사가 있음"
"357","20세기 소녀","7","안 무섭겠거니 했는데 쪼는 긴장감이 꽤나 있었음"
"358","살인청부업자","10","윗놈이 무능하면 저꼴납니다."
"359","리멤버","4","유수의 영화제에서 상을타고 작품성이 있고, 영화평론가들의 극찬이 있을지언정..내게 영화란 일단 재미있고 몰입이 되야하는게 가장 중요하다.그런면에서 이 영화는 내게 숙면을 선물했다."
"360","낮에는 덥고 밤에는 춥고","8","신박했다 따로 놀지 않았고 쩐한 결말인데 지루하지 않았다 킬링타임용으로 좋다!"
"361","시카리오: 데이 오브 솔다도","9","죽음의 끝에서 되찾은 삶의 의미"
"362","공조2: 인터내셔날","10","재밍미이ㅣㅁ이ㅏㅣ;잇씀"
"363","옆집사람","9","간만에 블랙코미디 영화 봤네요.전체적으로 저예선영화인지 많은 배우 출연과 장소가 나오지 않지만 배우들의 탄탄한 연기력과 긴장감 있는 스토리로 재밌게 볼 수 있는 영화입니다."
"364","인생은 아름다워","10","오동민과 최희진 배우의 연기가 뛰어납니다  극의 긴장감을 잘 끌고 갑니다 전혀 지루하지않게  한시간 반 이 지나갔네요 재미있게 잘 봤어요"
"365","에브리씽 에브리웨어 올 앳 원스","10","소재는 진부하다고 생각할 수 있으나 끝까지 다 관람하고 나니 후련함도 있어서 상당히 좋았다.배우들의 연기도 좋았다.상당히 만족스러웠다. 실제 이 시대를 살아가는 친일파와 그 후손들도 보고 많이 느끼길 바란다."
"366","자백","2","스토리가 영~~~~코믹으로 밀고 가든지....시간만 버린 느낌ㅜㅜ"
"367","20세기 소녀","10","저는 원작을 모르고 봐서 그런지 재밌게 봤어요!배우분들 연기도 그럭저럭 괜찮았고 전개도 빨라서보기 힘들진 않았어요 ㅎㅎ"
"368","살인청부업자","10","먹먹해진다. 젊은날이여"
"369","리멤버","10","이영화진짜보세요 연기좋고 스토리대박입니다오랜만에제대로 몰입했네요"
"370","낮에는 덥고 밤에는 춥고","9","개인적으로 잘만든 영화라 생각이 듬 도경수 연기도 좋고..."
"371","시카리오: 데이 오브 솔다도","10","ㅋㅋㅋ 미국!미국! 하는 영화긴 하지만 그래도 액션 자체는 너무 멋있었어요. 주인공 삼각근 갈라지는거 너어무 멋있더라구요~~"
"372","공조2: 인터내셔날","6","서늘한 분위기가 좋았던 영화원작인 인비저블게스트가 너무 잘만들어져서 다소 아쉬운감도 있었지만 각색도 나름 괜찮게봤네요"
"373","옆집사람","9","사랑이 원이라면 가장 가장자리"
"374","인생은 아름다워","10","일제시대 복수극이라는 다소 무거운 내용이지만 속도감 반전까지 있어 지루하지 않았고 배우들의 연기가 상당히 뛰어나 몰입해서 재밌게 볼 수 있었다."
"375","에브리씽 에브리웨어 올 앳 원스","8","영화는 극장에서만 재미있으면 된다. 서사니 스토리니 그런거 필요없음. 오락영화로 매우 충실했음."
"376","자백","7","반성하는자와 반성하지않는자"
"377","20세기 소녀","1","진짜 시간아깝다 최악이다"
"378","살인청부업자","10","이성민님 팬인 남편 추천으로 봤습니다~ 시간순삭! 긴장감 스토리 모두 만족했습니다."
"379","리멤버","9","처음부터 끝까지 눈을 뗄 수 없다"
"380","낮에는 덥고 밤에는 춥고","10","싸우고 다퉈도 결국 모든 순간에는 소중한 사람과 함께"
"381","시카리오: 데이 오브 솔다도","6","풋풋한 시절을 추억하기엔 살짝 진부..원샤슈018 OO이 떠오르는군..^&^"
"382","공조2: 인터내셔날","10","나에게는 올해의 영화지만 호불호있을듯"
"383","옆집사람","7","마블의 히어로물에 질려가던 차에 조금 볼만했지만 스토리 전개 등 아쉬운 부분이 여럿있었다"
"384","인생은 아름다워","2","난 왜 별루지 ㅠㅠ 한효주 작품이 워낙 좋아서 그런가..ㅠㅠ 눈물이 안 나씀.. 영상, OST, 스토리 전부 그닥..ㅠㅠ"
"385","에브리씽 에브리웨어 올 앳 원스","10","이 영화를  부산국제영화제에서 2번보고, 이번에 개봉하고 3번째 보게 되었는데 볼때마다 감상포인트가 다른것같아요. 처음볼때는 이야기 전개에 대한 충격이 컸다면 두번째 볼때는 기우의 감정선을 따라가면서 느낀 애달픔이 컸고, 세번째 볼때는 영화 내용을 중심으로 진정한 가족이란 무엇일까에 대한 생각을 심어주는 영화였습니다.포스터를 처음 봤을때는 힐링 되겠다는 생각으로 가볍게 보자는 생각이었는데 영화를보고나니 많은 생각이 들게 하는 영화였어요.세번째 봐도 몰입할 수 있었던 이유는 배우들의 연기력 때문이라고 생각합니다. 영화를 볼때 정말 맡은 배역 그 자체로만 보여서 몰입력이 상당했어요. 특히 정일우 배우님의 이미지 변신과 넓은 연기 스펙트럼에 감탄했습니다.지금 예매율 1위라고 들었는데 그 가치에 상응하는 영화라고 생각합니다. 꼭 보러가시길 추천할게요 !!"
"386","자백","10","모든 걸 가능케 하는 영화."
"387","20세기 소녀","6","매우 고어하지만 그래도 한국에서 이런 시도는 박수칠만 함"
"388","살인청부업자","10","오랜만에 쫄깃한 한국영화!"
"389","리멤버","8","멋진 발리의 풍광과 두 명배우의 조합만으로도 볼만한 가치는 있음"
"390","낮에는 덥고 밤에는 춥고","8","간만에 극장에서 보는 뮤지컬 영화 좋아하는 노래가 많이 나와서 즐겁고 마지막엔 뭉클하게 보고 가요"
"391","시카리오: 데이 오브 솔다도","10","재밌었어요"
"392","공조2: 인터내셔날","7","굿판이라는 흥미로운 소재를 가지고 리드미컬하게 잘 풀어냄"
"393","옆집사람","6","전작보다 못한 후속편 웃음의 타율도 전작보다 하향"
"394","인생은 아름다워","7","믿고 보는 더락 주연 영화 덕분에 스트레스 날리고 갑니다"
"395","에브리씽 에브리웨어 올 앳 원스","8","쫄깃하고 반전있는 스토리전개 흥미롭게 봤어요"
"396","자백","10",""
"397","20세기 소녀","10","가을에 적시고 싶은 맘이 있다면"
"398","살인청부업자","7","쫄깃하고 반전있는 스토리전개 흥미롭게 봤어요"
"399","리멤버","7","쫄깃하고 반전있는 스토리전개 흥미롭게 봤어요"
"400","낮에는 덥고 밤에는 춥고","10","아 맞다 양자경 액션배우지..의 영화. 왜 울고 있는진 모르겠으나 눈물이 나고, 그러다 웃기도 한다. 확장판 개봉하면 또 가야지"
"401","시카리오: 데이 오브 솔다도","8","인생은 안전제일..."
"402","공조2: 인터내셔날","2","영화 참 수준떨어짐. 스토리는 마녀 ."
"403","옆집사람","8","주성치 오군려 콤비를 좋아해요.ㅋ이~몽~~~ㅋㅋ"
"404","인생은 아름다워","2","아…..보다가 중간에 꺼버림, 잔인하기만 하고~ 볼게 없음."
"405","에브리씽 에브리웨어 올 앳 원스","2","이현승의 대실패작.페미니즘과 상업성이 말 안되는 스토리 안에서 격투를 벌인다.채시라에게 유감을.."
"406","자백","1","극장에서 보려다가 워낙 평이 안좋아서 기다렸다가 VOD로 봤는데 한편의 SF무협지를 본느낌. 더 이상 기대도 안되고 2편은 VOD로도 돈이 아까울것 같음."
"407","20세기 소녀","6","안 그래도 몰입 안되는 스토리인데 초반에 너무 헤맨다. 마무리는 그럭저럭 괜찮은데 영화가 마무리만 있는 건 아니잖아?"
"408","살인청부업자","8","재미있게 볼 영화. 연기들을 잘하니 좋네요"
"409","리멤버","7","영화보는 내내 담담했는데 엔딩곡이 나오는 순간 무언가 밀려와 좀 울컥했다.. 선율이 참 애뜻했다.."
"410","낮에는 덥고 밤에는 춥고","10","파즈와 시타의 착한 마음씨가 좋고 라퓨타성의 평화로움이 좋았다 어른이 되어도 라퓨타성이 어디선가 떠있을 거 같다는 생각이 변함이 없다 나의 이런 동심을 지켜주는 지브리에게 주는 평점"
"411","시카리오: 데이 오브 솔다도","10","영화관에서 보고싶다~~"
"412","공조2: 인터내셔날","10","일본이 아닌 제3국을 배경으로 하는 극장판이라서 뭔가 번외편같은 느낌이 들었다. 철학적이라든지 부조리한 요소를 줄이고 극장판 본연의 재미를 중시한 느낌이지만, 그래서 극장판인데도 tv판보다 깊이는 얕아진 듯. 하지만 충분히 재밌었다."
"413","옆집사람","7","수준급의 연기와 연출 화룡점정의 시나리오"
"414","인생은 아름다워","10","끝까지 긴장하고 볼 수밖에 없는 내용 전개에 시간 가는줄 모르고 봤습니다. 간만에 재밌게 잘 봤어요^^ 강추합니다."
"415","에브리씽 에브리웨어 올 앳 원스","2",""
"416","자백","10","단순한거 같으면서도 다시 생각하게 만드는 스토리가 좋음. 귀신이 이쁘고 대놓고 나와서 공포도는 낮음. 공포보다는 스릴러에 가까운듯. 5점짜리 영화는 아니다 7점 정도 여고괴담 시리즈중엔 상위급"
"417","20세기 소녀","10","5번을 봣는데 질리지안앗다 최고다 또 볼것이다 짱이다"
"418","살인청부업자","10","요새 마블보다 훨 좋은데 왜 평점이 낮은지 모르겠네요."
"419","리멤버","10","정말 최고!!! 기대 이상이다!"
"420","낮에는 덥고 밤에는 춥고","7","처음 도입부 딱! 오펀이구나 했는데..뒤로갈수록 사탄의인형 느낌이..모락모락.그래도 에스더는 에스더였다."
"421","시카리오: 데이 오브 솔다도","10","재밌는 소재와 좋은 음악은 늘 통한다!"
"422","공조2: 인터내셔날","10","많은 사람들이 봤으면 좋겠다"
"423","옆집사람","1","OO 넷플돈은 눈먼돈이구만오징어게임 버프 덕에 코리아컨텐츠 조낸 밀어주나본데  먼저먹는놈이 임자여~~!거품 꺼지면 눈길도 않줄 텐데 실컷빼묵어라!"
"424","인생은 아름다워","10","억지 감동 신파로 버무려진 조선영화 보다가 질려버렸는데 마지막 장면에서 저절로 눈물이 나버렸다"
"425","에브리씽 에브리웨어 올 앳 원스","10","일본애니 보다가 이건 보니 개꿀잼"
"426","자백","8","오랜만에 웃다 울고 왔어요. 뮤지컬영화 장르가 이렇게 재밌는지 몰랐어요. 덕분에 좋은 노래도 듣고 영상도 재밌게 시청했어요. 개인적으로 염정화배우님 …연기 너무 좋아요"
"427","20세기 소녀","8","모든 것은 결국 땅으로 돌아간다."
"428","살인청부업자","8","난장판 속 살아남기."
"429","리멤버","8","재미있어요"
"430","낮에는 덥고 밤에는 춥고","8","재미있어요"
"431","시카리오: 데이 오브 솔다도","8","재미있어요"
"432","공조2: 인터내셔날","8","재미있어요"
"433","옆집사람","10","재미있고 자극적임!!"
"434","인생은 아름다워","8","연기의 신 디카프리오"
"435","에브리씽 에브리웨어 올 앳 원스","8","재미있게 봤습니다. 배우들의 연기가 좋았어요.."
"436","자백","10","질주 엄청 웃김 ㅋㅋㅋ 짱구 연출 중에 가장 웃김"
"437","20세기 소녀","6","그럭저럭"
"438","살인청부업자","6","배우들 스릴러 연기 잘하고 지루할 틈 없이 전개가 되나 넘 억지스러운부분이 많음"
"439","리멤버","7","재미있어요"
"440","낮에는 덥고 밤에는 춥고","10","분노의질주의 배우!!! 역쉬 액션연기 굿굿!! 디씨의 히어로물 기대치가 낮았는데 만족감 아주 높음^^ 이후의 세계관이 기대되게 만드는 영화여서 넘넘 재미났음~~"
"441","시카리오: 데이 오브 솔다도","2","99년 그시절 풋풋한 첫사랑 소재인데, 표현이 많이 떨어지고 감정을 살리지 못함.흔한 클리셰를 많이 쓴탓에 긴장감이나 감동이 없음.그렇다고 눈요기 거리조차 없음"
"442","공조2: 인터내셔날","8","사회적 메세지가 확실하고 오락적 재미가 있는 영화후반부 두 주인공들의 감정선은 공감이 어려움"
"443","옆집사람","10","범죄도시2 보고나서 바로 야차 봤는데 이게 훨 재밌네ㅋㅋ평점보고 거를뻔 했는데 큰 실수할뻔..휴.. 봐서 다행ㅋㅋㅋ"
"444","인생은 아름다워","9","맛깔나고, 기깔난다."
"445","에브리씽 에브리웨어 올 앳 원스","2","잔인한건 그렇다쳐도 수준이 너무 떨어짐;"
"446","자백","10","뻔한 스토리랑 안무섭다고 하는 사람들은 고전 슬래셔 무비가 뭔지 모르나"
"447","20세기 소녀","9","지금 봐도 전혀 촌스럽지 않은 자유 의지의 찬가!"
"448","살인청부업자","10","세기말 감성이 듬뿍 묻어있는 영상미 정말 최고였어요 ㅎㅎㅎ 오랜만에 마음 몽글몽글하고 지난 학창시절이 그리워지는 하루였네요"
"449","리멤버","8","시나리오가 참신하긴 한데, 솔직히 현실성은 떨어진다. 그 인물이 등장한 순간부터 어느 정도 반전이 예상되기도 했고..."
"450","낮에는 덥고 밤에는 춥고","5","음악이 널 살렸다.. 하지만 그것만으로도 충분"
"451","시카리오: 데이 오브 솔다도","7","지독하다..공포라기보단 드라마"
"452","공조2: 인터내셔날","10",""
"453","옆집사람","7","소탐대실~ 시종일관 불어대는 서늘한 어른동화"
"454","인생은 아름다워","1","130억? 남의돈으로 장난치는거아니다"
"455","에브리씽 에브리웨어 올 앳 원스","10","전반적인 각본은 다소 촌스럽고 어설프다고 느껴질 수 있으나 화끈하고 박진감 넘치는 액션신이 이를 만회한다.머리 비우고 가볍게 보기 좋은 영화"
"456","자백","10","볼만한 영화다"
"457","20세기 소녀","6","우리를 독립시켜준 미국에게 언제나 감사하다."
"458","살인청부업자","2","니들 이동진이 별 5개 줘서 재밌는척하면서 고평점 준거지? 줏대없는새기들아"
"459","리멤버","9","돌맹이 때문에 눈물을 흘릴 줄이야….hahaha"
"460","낮에는 덥고 밤에는 춥고","8","착하고 건강하게 잘 컸으면 좋겠다"
"461","시카리오: 데이 오브 솔다도","10","공포 매니아라면 꼭 보세요."
"462","공조2: 인터내셔날","1",""
"463","옆집사람","10","스토리전개와 배우들의 연기가 매우잘 어우러져암울한 시대를 살아온 그시대를 한번더 생각해하는 영화인거 같다."
"464","인생은 아름다워","4","정우성은 왜 영화를 재미없게 연기할까..  딱 정우성 나올때만 어색해서 몰입감이 떨어지고 재미없는데 정우성이 주인공인 영화 ㅠㅜ"
"465","에브리씽 에브리웨어 올 앳 원스","10","개존잼인데 .. 노래도 옛날에 들엇던거 다시들으니 좋던데  이런영화 많이 만들어주세요 ㅠㅠ  너무 재밌게 잘봤습니다 ! ㄹㅇ힐링"
"466","자백","5","점점 사라져가는 주인공의 기억만큼이나 덩달아 사그러져버린 서사. 무엇보다 마지막부분은 정말 배신감 마저..."
"467","20세기 소녀","10","모두가 꼭 봤으면 하는 영화"
"468","살인청부업자","9","배우들 연기와 영화 소재가 좋았습니다."
"469","리멤버","2","그냥 죽이는거 그거하나. 애어른할것없이 전국민이 다볼텐데. 이따위 살인영상을 영화라고 쯧쯧. 감독아 영화감독 그만둬라. 넌 자격이없다."
"470","낮에는 덥고 밤에는 춥고","8","싱그럽고 풋풋하고 반갑고 그리운 시절, 한국 청춘영화 장르가 생겼다! 촌스럽지 않게 잘 그려냈다."
"471","시카리오: 데이 오브 솔다도","8","고전 추리물의 향기가 물씬 풍기는 기막힌 영화. 이런 느낌 받은게 언제였나 따져보게 됨"
"472","공조2: 인터내셔날","10","배우들 연기 그리고 소재 괜찮아요 영화 재밌네요"
"473","옆집사람","9","음악영화 취향이 안맞아서 비긴어게인, 라라랜드도 그렇게 재미없게 봤는데 싱스트리트는 공감되는 부분도 많고, 노래도 좋고 재밌게 봄"
"474","인생은 아름다워","1","오펀"
"475","에브리씽 에브리웨어 올 앳 원스","8","인생의 새출발을 위해 시동을 거는 모든이에게 추천드립니다"
"476","자백","9","부성애에 감동했어요배우들 연기 다좋았구요특히 조한철배우 어쩌죠?마지막장면 연기 너무 짠해요"
"477","20세기 소녀","10","세번이나 봤다. 영화 인셉션 이후로 영화보면서 미지의공포, 참신함의 공포를 느낀건 진짜간만."
"478","살인청부업자","2","재미없음돈아까워요.피만 튀김"
"479","리멤버","7","항상 무난하게 재미있는 코난 극장판"
"480","낮에는 덥고 밤에는 춥고","9",""
"481","시카리오: 데이 오브 솔다도","9","사랑은 폭력을 이긴다. 싸움과 갈등을 이겨내고 마침내 평화를 만든다. 사랑하는 사람을 마음껏 사랑하는 게 얼마나 아름다운가!!!!"
"482","공조2: 인터내셔날","9","잼난데결말이 아쉬워요"
"483","옆집사람","1","말 같지도 않은  이걸 영화라고 ㅋㅋ"
"484","인생은 아름다워","7","안정된 연출. 훌륭한 촬영. 모그의 스코어. 빛났던 각색에게 박수. 그리고 나나의 재발견."
"485","에브리씽 에브리웨어 올 앳 원스","5","영화 보는 내내 정말 '샤잠'을 외치고 싶었다! 소중한 내 시간 되살려내!! (ps: 마지막 쿠키가 그나마 널 살렸다.)"
"486","자백","10","배우들 연기가 너무 좋다"
"487","20세기 소녀","1","글쎄 총 갈겨대는 소리 너무 씨쓸씨끌"
"488","살인청부업자","6","뭔가....아쉽네...현상만 있고 이유는 없는정신병원 환자중의 칼 이아저씨가 연기 제일 잘함 나머지는 쩝...."
"489","리멤버","10","1시간 10분 후, 펼쳐지는 대환장 파티~! 로멘스 서스펜스 액션 스펙타클 멜로 스릴러 그 모든 것이 모두가 뒤섞인 역대급 대반전~! 반드시 1시간 9분까지 꾹 참고, 중간 중간 감독이 흘리는 복선과 흔적들을잘 기억 해두길... 집중해서 본 당신은 후반부 큰 보상을 얻을 것이다. 버틴 자만이 크레딧 올라갈 때,  드디어 가질 수 있는 소름을 기대 해봐도 좋다. 올해 최고의 영화~! 함께 하자 전우들이여..."
"490","낮에는 덥고 밤에는 춥고","8","이번편은 많이재밌다 ㅋㅋㅋ"
"491","시카리오: 데이 오브 솔다도","10","아 ㅅㅂ 혼자보다 쓰러지는줄 알았네 와 그냥 스릴러 정도로만 생각하고 봤다가 레알 개쫄고봄.. 영화관에서 볼껄 아깝다"
"492","공조2: 인터내셔날","9","인상적인 영화였다"
"493","옆집사람","10","정말 잘 만든 영화 마지막까지 여운이 남는 영화"
"494","인생은 아름다워","10","재밌게 봤습니다..!"
"495","에브리씽 에브리웨어 올 앳 원스","10","아무 기대 없이 본것을 배우분들에게 너무 미안한 영화~~ 배우는 아무나 하는게 아니구나 생각이 들었습니다. 한분한분 연기력이 너무너무 빛나는 영화 입니다. 저처럼 선입견 때문에 많은 분들이 못볼까봐 걱정이네요ㅠㅠ  이런 영화는 제발 많은 분들이 볼 수 있었으면 좋겠네요~진심으로 한분한분 배우분들에게 감사드립니다."
"496","자백","6","이야기 소재는 좋았으나 덜 매력적이었습니다감각적으로 연출하려 하였으나너무 꼬아서 스토리에 방해가되고수사가 너무 급 데이트처럼 진행되면서사랑에 빠지게된 개연성이 약해서공감이 덜 되었던..."
"497","20세기 소녀","4","인간의 정기를 빨아먹는 아름다운 외계인 여주의 존재감은 상당했지만 작품의 완성도는 별로. 시작은 참 좋았는데 전개가 갈수록 황당하다"
"498","살인청부업자","10","시작부터,계속액션씬이네요...주원님,고생하셨어요..."
"499","리멤버","8","킬링타임용은 될라나 싶었는데 이영화 너무 믓찜평점6점대라니 공쪼2가 8점대 허허.. 꼴비싫 류배우 보는 거시기함을 김우진양정화 배우님들 연기조합과 캐릭에 완전 힐링ㅎ 신파아니면 격동의 인간미에만 별주는 k영화관객 아쉬운 안타까운 . 암튼 감독님 이 영화 짱입니다요 예전에 지구를 지켜라 보고 느낀 신선함과 재미를아주 오랜만에 느끼게 해준 영화"
"500","낮에는 덥고 밤에는 춥고","10","나는 이거 최고야 원작 소설도 봐야겠어 마지막 떡밥도 완벽해 그 애가 검을 휘두르지못한건 아직 스스로 정의 내리지 못해서 일거야스스로 선과 악을 정해사람은 선도 악도 될수 있으니까그리하여 행복하게 살았습니다."
"501","시카리오: 데이 오브 솔다도","2","너무 오글거리고 재미없음"
"502","공조2: 인터내셔날","2","재밌는영화가 관객수가 이따구임?"
"503","옆집사람","7","원작보다 더 몰입 됐던, 굉장히 몰입감 높은 스릴러"
"504","인생은 아름다워","8","우울한 시기인데 영화보며 잠시라도 즐거울수 있어서 좋았어요...세분 무당 연기도 좋아요"
"505","에브리씽 에브리웨어 올 앳 원스","10","감동적설명 필요없고 보세요 강추"
"506","자백","1","거 출연자명단에 조연 정우씨 사진한장정돈 괜찮잔아?"
"507","20세기 소녀","10","근데 나는 왜 재밌지 ㅋㅋ 2편도 기대할께"
"508","살인청부업자","10","진짜 쵝오~~~이  세상  다음세상  모든걸 주는 영화~~~~^^  양자경  연기 짬"
"509","리멤버","4","유치한데 어른스럽다두개가 어울리지 않는 개념인데 이걸 뒤섞은 결과물이 이 영화임해적 선장을 제외하면 죄다 노잼 캐릭터들이고 반대로 해적 선장을 제외하고 모두 매력적으로 생김즉 이 영화의 진주인공은 가장 입체적인 해적 선장인데 매력없는 주인공 덕분에 영화가 완전히 망했다고봄그리고 타잔에서 선보인 대단한 연출 기법 또한 최대로 활용하지 못한듯 보이고..노래도 연출도 임팩트있는 장면이 하나가 없음제일처음 보드타는 장면이 그냥 이 영화 하이라이트임ㅋㅋ"
"510","낮에는 덥고 밤에는 춥고","10","박찬욱의 미장센 정말 매혹적이다 .."
"511","시카리오: 데이 오브 솔다도","10","오랜만에 이렇게 순수하게 설레는 영화 보니까 좋네요,, 대리설렘 치사량 수준.. 그리고 남주 참 청순한 첫사랑st. 로 캐스팅 찰떡이에요! 기차씬에서 유정배우님 연기는 울면서 안 웃을 수 없었어요ㅋㅋㅜ 넘 귀여웠던… 배우분들 연기도 딱 적절하게 잘 하시고, 유정님은 말모말모~ 그때 그시절 순수한 사랑을 느껴보고 싶다면 꼭 보는 걸 추천드려요! 2시간 동안 행복했어요 :)"
"512","공조2: 인터내셔날","10","우울하고 힘들었던 중학교 2학년 때 아빠가 보여준 영화 백 마디의 말보다 더 큰 위로가 되었고 이 영화는 내 첫 번째 인생영화가 되었다."
"513","옆집사람","10","우울하고 힘들었던 중학교 2학년 때 아빠가 보여준 영화 백 마디의 말보다 더 큰 위로가 되었고 이 영화는 내 첫 번째 인생영화가 되었다."
"514","인생은 아름다워","10","우울하고 힘들었던 중학교 2학년 때 아빠가 보여준 영화 백 마디의 말보다 더 큰 위로가 되었고 이 영화는 내 첫 번째 인생영화가 되었다."
"515","에브리씽 에브리웨어 올 앳 원스","10","우울하고 힘들었던 중학교 2학년 때 아빠가 보여준 영화 백 마디의 말보다 더 큰 위로가 되었고 이 영화는 내 첫 번째 인생영화가 되었다."
"516","자백","10","사람이 시각적으로 느끼는 최고의 만족감을 선사한다."
"517","20세기 소녀","9","무슨말이 필요해요? 쿠엔틴 타란티노입니다. 보세요."
"518","살인청부업자","9","SF소재로 사랑영화를 만들었다는 점에서 매우 신선한다. 호아킨의 부드러운연기와 스칼렛 요한슨의 목소리가 다 한 영화."
"519","리멤버","2","정소민이 경찰로 나와서 오글 대는 강한 연기는 흠.. 감독은 무슨 생각"
"520","낮에는 덥고 밤에는 춥고","8",""
"521","시카리오: 데이 오브 솔다도","8","재밌구만 설정도 잼나네요. 지구는 외계인을 가두는 감옥임.ㅎ"
"522","공조2: 인터내셔날","4","신발이 안먹히는 무당 경연 대회"
"523","옆집사람","8","감독이 누구보다 청춘을 응원하며 영화를 사랑한다는게 느껴지는 영화. 싱그럽고 아름다워라."
"524","인생은 아름다워","9","인간은 완전하지 않다는걸 적나라하게 보여준다. 너무 적나라해서 주인공이 역겨울수 있다는것이 이 영화의 유일한 단점"
"525","에브리씽 에브리웨어 올 앳 원스","10",""
"526","자백","9","처음보고 물음표 두번째봤을 땐 느낌표"
"527","20세기 소녀","2","이완 개 발연기 정말 개짜증이다 영화에서처럼 그냥 없어졌음 좋겠다 왜 나오냐 내 시간이 아깝다 저질연기이런 감상평 태어나서 첨쓴다"
"528","살인청부업자","9","이게 1994년도 영화라니 괜히 쿠엔틴 타란티노를 천재로 부르는게 아니구나. 하지만 꽤 잔인하니 주의하세요."
"529","리멤버","8","우리나라 최고의 비주얼들로 탄탄한 서사가 곁들여졌다 동시에 적절한 강도의 메세지까지 넣는다고? 이정재 당신은 대체"
"530","낮에는 덥고 밤에는 춥고","6","중반까진 내가 드디어 우리나라 최고의 재난영화를 보는구나! 라고 감탄했다. 그러나."
"531","시카리오: 데이 오브 솔다도","10","관객들이 헐리우드 영화를 보러 갈 때 기대하고 상상하는 모든 것들을 담았다."
"532","공조2: 인터내셔날","9","우린 서로에게 닿을 수 없어요. 그러니 함께 녹색광선을 보러 가요."
"533","옆집사람","10","아오이 소라 Sora Aoi(蒼井そら)오자와 마리아 Maria Ozawa(小澤マリア)다카기 마리아 Maria Takagi(高樹マリア)마쓰시마 가에데 Kaede Matushima(松島かえで )후유쓰키 가에데 Kaede Fuyutsuki(冬月かえで) 미타케 료코 Ryoko Mitake(美竹凉子)도키와 사쿠라코 Sakurako Tokiwa(常盤?子)기타하라 다카코 Takako Kitahara(北原多香子)오구라 앨리스 Alice Ogura(小倉ありす)미나미 사야카 Sayaka Minami(南沙也香)오사와 유카 Yuka Osawa(大?佑香)=Eri Akira(晶エリ?)사나다 하루카 Haruka Sanada(?田春香)이시구로 교카 Kyoka Ishiguro(石黑京香)사와구치 아스카 Asuka Sawaguchi (?口あすか)야마자키 아미 Ami Yamazaki(山崎亞美)기무라 나미 Nami Kimura(木村那美)기타가와 에미 Emi Kitagawa(北川?美)아마미야 마나미 Manami Amamiya(天宮まなみ)"
"534","인생은 아름다워","6","송강호는 명실상부 우리나라 최고의 배우중에 한명에 틀림없으며 칸 남우주연상을을 받을만한 자격이 있는 배우이다. 하지만 <브로커>로 받는건 글쎄?"
"535","에브리씽 에브리웨어 올 앳 원스","10","어차피 뻔한 스토린데 그낭 해피엔딩 해주지 열받네요.."
"536","자백","4","올해본영화중에 최악. 메뚜기가 공룡보다 더 많이 나와요"
"537","20세기 소녀","9","너무너무너무 재밌어요 4DX로 보면 재미가 10배"
"538","살인청부업자","10","오랜만에 본 감동적인 영화네요 유정씨 연기가 인상적입니다"
"539","리멤버","2","호화 캐스팅에 이렇게 수준 낮은 영화는 오랜만에 보네 ㅋㅋ"
"540","낮에는 덥고 밤에는 춥고","5","아무 생각없이 본다면"
"541","시카리오: 데이 오브 솔다도","8","자백 재미있게 잘 봤습니다"
"542","공조2: 인터내셔날","10","어떤 선택이든 그 모든 것은 지금 여기를 비춘다는 것"
"543","옆집사람","5","하나같이 어딘가 작위적인 캐릭터들"
"544","인생은 아름다워","10","이영화는 200만은할 영환데.. 그냥 탄탄한영화덴병맛이라 놀리지말고 그것또한 묘미"
"545","에브리씽 에브리웨어 올 앳 원스","10","재밌었어요~ 여주 남주 얼굴합"
"546","자백","9",""
"547","20세기 소녀","10","집중도도 떨어지지않고 재미있게 잘 봤습니다.몇몇 영화가 자꾸 떠오르긴 하지만 의도된 재미를 유도한 패러디같은 느낌이네요 .영화를 보고 난 후 평점과 후기가 왜 이럴까 궁금하기만 합니다."
"548","살인청부업자","10",""
"549","리멤버","10","친엄마가 저럴수가 있나 했는데 역시 반전이"
"550","낮에는 덥고 밤에는 춥고","10","제가 제이슨이어도 뒤에서 도와줄것같네요 이성민 배우님 연기가 진짜 일품입니다 눈물 줄줄 흘림 이성민 배우님 진짜 짱"
"551","시카리오: 데이 오브 솔다도","10","평점 6점이상은 되는영화임"
"552","공조2: 인터내셔날","8","누구새끼인지 알아도 키우는건 다시 생각해보자"
"553","옆집사람","10","김다미라는 배우의 발견!"
"554","인생은 아름다워","8","피터 딘클리지의 연기가 굿"
"555","에브리씽 에브리웨어 올 앳 원스","6","4050을 위한 맘마미아같은 영화. 다만 한국은 엄마의 희생이 어마무시해서 유쾌하지만은 않다.그리고 2030뮤지컬배우들이 주인공을 맡으면 뮤지컬영화도 대박칠듯. 음악적 요소가 좀 아쉬웠다"
"556","자백","10","이게 진짜 후속편이지 최고였다"
"557","20세기 소녀","10","조용하게 흘러가는듯 하지만 메세지가 확실한 작품"
"558","살인청부업자","10","스토리는1이나2나 별 차이가 없는데 배우들이 연기랑 너무 잘했음그 와중에 끝 마무리가 너무 좋아서 줄거리가 한번에 알게되었고 쿠키영상처럼 보여주는거에서 소름 돋았어요 더 말하면 안본분들에게 스포하는거같아서 여기까지만 할게요 참고로 공조1 보다 훨씬 더 잘 봤네요 돈 안아까워요(1년동안 본 영화중에 탑1이었어요...{개인취향} )"
"559","리멤버","7","묵직하게 맥이네요.. 뷰티풀데이즈라며.."
"560","낮에는 덥고 밤에는 춥고","10","역시 손현주.. 영화도 좋다"
"561","시카리오: 데이 오브 솔다도","9","재개봉 정말 감사했습니다. 104분의 음악 힐링"
"562","공조2: 인터내셔날","8","영화 정말 괜찮았어요. 근데 우리나라 사람들이 정말 싫어하는 영화 입니다.."
"563","옆집사람","10","클레멘타인 이후로 최고의 명작이였다"
"564","인생은 아름다워","10","재밌었어요^^ 시간가는줄 모르고 빠져서 봤어요^^ 2부 기대합니다♡"
"565","에브리씽 에브리웨어 올 앳 원스","5","감독 스타일이 어떤지는 알겠는데 히로시마를 그딴 의도로 넣으면 안되지"
"566","자백","10","윤계상은 이제 믿고 봐도 되겠다"
"567","20세기 소녀","7","나나가 진짜 이쁘게 나온다는 것. 농담아니고 요즘 여배우의 외모가 많이 평범해져서 큰 감흥이 없었는데 이렇게 여배우 포스 나는 영화는 오랜만에 보네요.연기도 셋 중 제일 잘 한거 같았어요.나머지 두분은 1:1 대사량이 많았어서 그런지 연극톤의 어색함이 느껴졌었어요"
"568","살인청부업자","10","저엉말재밌음 보세요 시간가는줄모름"
"569","리멤버","10","마냥 웃기기만 하는 그런 영화는 아니다"
"570","낮에는 덥고 밤에는 춥고","6","감독님 차라리 거북이 달린다2를 만드시지 그러셨어요 ㅠㅠ"
"571","시카리오: 데이 오브 솔다도","10","많이 봤으면 좋겠다 이건"
"572","공조2: 인터내셔날","9","만화 정주행"
"573","옆집사람","10","늘 보던 정치영화와는 다른 노선 좋았다"
"574","인생은 아름다워","10","여운이 오래 남는 영화였어요"
"575","에브리씽 에브리웨어 올 앳 원스","10","넘 잼있는데요 약간 영화 극한직업 느낌이 있어요!정직한 후보 3도 나올듯.. 기대할게여"
"576","자백","7","여러가지 짬뽕이긴 하네 ㅋㅋ"
"577","20세기 소녀","8","시리즈 계속 나왔으면 좋겠다 이집트 배경 좋았다"
"578","살인청부업자","10","톰 홀랜드 다운 리액션이다 ㅋㅋ"
"579","리멤버","10","이것이 90년대 한국 액션이다"
"580","낮에는 덥고 밤에는 춥고","10","기이할뻔 했는데 엄청난 반전,,"
"581","시카리오: 데이 오브 솔다도","10","박해일나이들어도여전히잘생겼고여전히연기잘하고극장에서못본게아쉽네요좋았어요"
"582","공조2: 인터내셔날","8","시간이 흐릿해져 간다. 언제나 그자리에 서있는 석탑처럼 과거는 변함없이 서 있다."
"583","옆집사람","10","쿠폰까지 뿌릴줄이야"
"584","인생은 아름다워","10","마음고생 이만저만이 아니었겠네.."
"585","에브리씽 에브리웨어 올 앳 원스","10","디즈니 애니메이션 말해뭐해최고야"
"586","자백","10","1편은 위저딩월드의 부활이었다"
"587","20세기 소녀","6","결국 모두 제자리로"
"588","살인청부업자","9","패션영화를 좋아하는데 크리스챤 디올의 비중이 높아서 눈이 즐거웠어요영화도 따뜻하고 레슬리 맨빌, 루카스 브라보 연기 보는게 진짜 좋았어요"
"589","리멤버","8","뒷이야기는 항상 있는법"
"590","낮에는 덥고 밤에는 춥고","10","정말 좋았다 이렇게만 나와주라"
"591","시카리오: 데이 오브 솔다도","10","이게 현실이지.. 안타깝다"
"592","공조2: 인터내셔날","6","좀 대충 만든 호러 영화 느낌"
"593","옆집사람","10","예술이다.. 저 년도에 이런 작품을"
"594","인생은 아름다워","10","다시보니 어릴때 못봤던게 많이 보이네... 수작이다"
"595","에브리씽 에브리웨어 올 앳 원스","8","사람은 미워해도 작품은 미워하지 말자  평점 테러나 하는 찌질한 짓은 홍상수 작품에 나오는 인간군상들의 찌질함과 똑같다"
"596","자백","5","호소력 있는 메시지와 응집력 없는 내러티브의 대립."
"597","20세기 소녀","10",""
"598","살인청부업자","7","적당한 긴장감을 자아냄배우들 연기가 한몫"
"599","리멤버","10","무거운 이야기를 재미있게 다룸"
"600","낮에는 덥고 밤에는 춥고","6","좀 아깝긴 하네.."
"601","시카리오: 데이 오브 솔다도","1","장난하나... 뭔 영화야 이게... 인간의 숲 느낌으로 갔어야지 마녀 따라하나..."
"602","공조2: 인터내셔날","10","극장판으로 개봉한게 신의 한수"
"603","옆집사람","2","1편에 좋은영화를 감독바뀌고 유치한영화가되었네...손가락오라드네"
"604","인생은 아름다워","4","재미가 없진않은데 여주가 너무못생겨서 좀 많 짜증남 못생기고 멍청하고 진짜 못생김 ㄷㄷ"
"605","에브리씽 에브리웨어 올 앳 원스","1","이 영화가 9 점이라는거에 한번더 놀랍마블 pc감성도 역겨운대 여자의우월감을 나타내기 위해서 남자 배역멍청이 만드는것부터 시작해서 총체적난국"
"606","자백","8","B급 감성에다가 다채롭다 ㅋㅋ"
"607","20세기 소녀","10","오랜만에 울고웃고 본 영화여운이 너무나도 많이남아 자꾸생각나는..정말 오랜만에 감성 폭발하게 만든 영화"
"608","살인청부업자","10","소지섭 김윤진 배우는 역시였고 나나가 진짜 이쁘네..연기도 다시봤다"
"609","리멤버","10","폭력적인 영화가 넘쳐나는세상에  오랫만에  풋풋하고 예쁜영화   정말  좋아요  잼나게봤네요"
"610","낮에는 덥고 밤에는 춥고","8","단순한 공포영화가 아닌것 같다. 트라우마는 결코 벗어날수없는 평생의 고통이라는 것. 같은 경험을 해보지않으면 절대 이해할수없다."
"611","시카리오: 데이 오브 솔다도","9","신박한 소재와 반전들이 흥미진진했고, 상황을 파악해 나가는 과정이 재밌는 영화였다."
"612","공조2: 인터내셔날","10","영화나 드라마 보고나면 기억에 남는 영화가 잘 없는 편인데 계속 생각나는 영화입니다. 원작을 아직 보지 않았는데 원작인 웹툰도 재밌다고들 후기가 많던데 호기심이 생기네요..."
"613","옆집사람","2","연기는 좋았는데 점프스케어로만 공포를 유발한게 너무 아쉬움. 그냥 막오르자마자 깜놀 막내리기 직전까지도 깜놀 연인끼리보면 좋을듯 놀랄때마다 손잡으면됨 물론 남친이랑 못보러가서 별점 낮게주는 건 절대 아님. 그냥 그만 깜짝놀라고 싶은 심정이었음. 점프스케어 연출에 치중하다보니 스토리 전개가 부실해져버림... 이 영화가 진지한 영화가 아닌 감독의 연습판이라고 느껴진 순간은 마지막장면나오자마자 나오는 롤리팝노래....유튜브영상인줄알았다 그냥 우린 감독의 점프스케어 실험체가 된 느낌..."
"614","인생은 아름다워","10","제 점수는 10점입니다."
"615","에브리씽 에브리웨어 올 앳 원스","10","첫 개봉때 보고 재개봉때 또 봤습니다. 다시 보니까 이야기를 더 이해할 수 있어서 좋았습니다. 재밌어요!"
"616","자백","10","제 점수는 10점입니다."
"617","20세기 소녀","7","후회와 망상의 집약"
"618","살인청부업자","10","인내를 통해 행복을 얻었지만, 그것을 그가 행복이라 말할 수 있겠는가"
"619","리멤버","10","웃음과 감동 둘다 주는 영화무거운소재는 아니라 가볍게 웃으면서 봤네요 ㅎㅎ"
"620","낮에는 덥고 밤에는 춥고","6","김윤진 배우의 연기가 돋보였습니다"
"621","시카리오: 데이 오브 솔다도","10","저는 너무 재미있던걸요?ㅠㅠㅠ"
"622","공조2: 인터내셔날","8","오랜만에 쫄깃하고 즐거운 영화였습니다!"
"623","옆집사람","9","확실히 비평들도 공감하는 바이지만 왓챠 코멘트 중 이런 코멘트를 보고 더 좋은 영화였다고 재인식 하게 됐다 그 내용은 대충 모두 같은 김우진으로 느껴졌다면 오케이란 글이었는데 신기하게 모두 같은 김우진 같더라 연기력 때문일까 생각도 했지만 그것보단 내가 정말 상대를 김우진으로 보려는 노력이 있어서가 아닐까란 생각이 들었고 그게 이수의 노력이지 않을까란 생각까지 이어졌다. 어떤 작품을 봐도 이런 신선한 이입은 처음이지 않을까... 스토리나 표현 방식, 외모로 상대방을 인식하고 평가하게 된다는 틀에서 상업성을 놓지 못 해 완전히 벗어날 순 없는 영화일지는 몰라도...진짜 김우진을 느낄 수 있다면 당신에게는 좋은 영화인 게 아닐까."
"624","인생은 아름다워","10","돈과 명예를 가진 그였지만 어딘가 공허해 보였다. 찰나의 행복했던 운명들이 있었지만 그에겐 바람과 같았다."
"625","에브리씽 에브리웨어 올 앳 원스","1","관객의 인내심을 길러주는 영화가 또 나왔다~~~ 극장에서 돈내고 보신분들에게 심심한 위로를…"
"626","자백","7","꽤 재미있게 봤네요. 다만 마지막에 기분이 좀 묘했어요. 혼자 밤 늦게 봐서 그런지 모르겠는데 보고나니 마음이 적적해짐.."
"627","20세기 소녀","1","와..댓글알바 판을치네"
"628","살인청부업자","6","생각보다 한국영화로서는 새로운 시도였다. 피로 분칠한 영화이긴 하지만 후반부의 이야기 연결 시도는 좋았다."
"629","리멤버","10","오만과 편견, 때때로 생각해봐야겠다. 그리고 오해와 싸움 화해의 적정선을. 소중한 순간을 잊지말아야겠다. 나도 행복을 믿어야겠다."
"630","낮에는 덥고 밤에는 춥고","10","다양성 영화들이 잘 되어야 파이가 커짐 맨날 멀티플렉스 대형배급사 끼고 스크린 독과점하는 애들만 남으면 영화계 전체적인 질 하락으로 이어지고 그 손해는 고스란히 관객들이 봄 그래서 난 이런 영화도 응원하려고"
"631","시카리오: 데이 오브 솔다도","4","단호하지 못한 결말..."
"632","공조2: 인터내셔날","8","휴먼 ..충청도 휴먼..."
"633","옆집사람","8","재밌다. 배우들 연기력이 끝내줌. 근데 딱 그것이 전부."
"634","인생은 아름다워","8","한국뮤지컬영화라니 신선하고 좋았다 다들 연기 너무 잘함ㅠㅠ"
"635","에브리씽 에브리웨어 올 앳 원스","2","진짜 너무 웃김 ㅋㅋ 코미디 영환가?? 금발 여주는 애인가? 전혀 어울리지 않음 ㅜㅡㅜ 무슨 애한테 치장해놓은거 같이 어색함.. 스토리는 또 뭐고, 중간중간 노래는 또 뭐고 ㅜㅠ 그래도 끝까지 보긴한데 2편 나올려고 하나? ㅋ"
"636","자백","10","와우!홍콩영화가 부활한듯~"
"637","20세기 소녀","1","대마초 약쟁이가 돈벌려고 밀수하다 걸려놓고 부모랑 대사관직원 불러서 보석달라고 잔상 부리는것부터 에러. 니가 한국인이었어봐 어딜 감히 킹갓 대사관직원님께 멱살을 잡겠냐고 ㅋ 1심 판결 4년, 3심 30년형 받았으면 닥치고 조용히 살아야지 어이없게 탈옥도 기도하고. 중간에 감방동료도 때려죽임. 정신병원가서는 여친불러 옷벗긴담에 딸치고 받은 돈으로 교도관 매수. 결국엔 기어코 교도관도 때려죽이고 감방 탈출해서 그리스로 불법 월경. 영화 끝나는 내내 내 잘못은 하나 없다며 비인간적인 수감생활만 프로파간다 쩌는 노답영화 ㅋㅋ결론은 약쟁이가 남의 나라에서 대마초 밀수하다 깜방가고 사람 2명 죽인담에 탈옥한 실화 기반 영화. 진짜 답도 없다 저새낀 ㅋㅋ 저거 미국에서 펜타닐 하다 죽는다 내 장담하지"
"638","살인청부업자","8","왜 인기많은지 납득 완료 영화관에서 처음 봤는데 묘한 긴장감들이 더 잘 느껴져서 좋았다"
"639","리멤버","2","너무 억지스럽고 나대는영화.."
"640","낮에는 덥고 밤에는 춥고","10",""
"641","시카리오: 데이 오브 솔다도","4","오 마이 갓뜨 왓 해픈. ㄷ ㄷ"
"642","공조2: 인터내셔날","8","원작을 모르고 봐서 보는내내 속으로 흐억!흐억!함 나나의 재발견 스크린으로 더 많이 보고싶다"
"643","옆집사람","10","아역배우님의 연기는 두말할 것도 없구요, 이 배역은 진구배우님이라서 또 가능했네요. 캐스팅이 너무나도 적절했습니다. 진구님의 연기에는 양아치 깡패도 있지만 심금을 울리는 그 무언가가 있습니다.. 쿠팡플레이, 진구님, 모든 배우님. 그리고 모든 제작진 여러분들 찍기 쉽지 않으셨을텐데 좋은 감정 전달해주셔서 감사드립니다... 훌쩍ㅠㅠㅠ"
"644","인생은 아름다워","7","익숙한 설정이지만 재미있게 봤음."
"645","에브리씽 에브리웨어 올 앳 원스","7","살짝 유치했지만 가볍게 보기 좋은 영화 여주가 엄청 사랑스럽다"
"646","자백","10","생각보다 재밌음 ㅋㅋ"
"647","20세기 소녀","6","전작만큼 감정이입은 안되는 느낌? 아역배우들 연기는 잘하네요"
"648","살인청부업자","2","시간아까워..영화관에 우리밖에 없을때 알아챘어야했다...."
"649","리멤버","8","완전 몰입해서 봤다 이상민배우님 연기 최고"
"650","낮에는 덥고 밤에는 춥고","2","지금 재앙이가 열심히하고잇음....정은이한테 밑보이기 싫어서 멀쩡한 공무원을 월북으로 몰아가구 ㅉㅉ"
"651","시카리오: 데이 오브 솔다도","10","올해본영화중 최고"
"652","공조2: 인터내셔날","10","진짜 재밌음.. 둘 합도 좋고 연기를 너무 잘해서 몰입도 최고였음"
"653","옆집사람","10","볼만한데 너무 박하다.이런 영화를 많이 봐줘야 한국도 블록버스터들이 탄생하지.언제까지 국뽕이나 억지 신파만 관람객이 몰릴텐가?"
"654","인생은 아름다워","10","G.O.A.T 말이 필요없다"
"655","에브리씽 에브리웨어 올 앳 원스","9","현실적이고 보는내내 추웠다…"
"656","자백","10","나는 재미 있게 봤어요 개인 생각이지만 생각보다 재미 있고 새로운 경험 ㅎ 굿판이라서  신기하기도 하고"
"657","20세기 소녀","9","이렇게 완벽한 오락 영화가 나올 줄은 시국이 원망스럽다"
"658","살인청부업자","8","이형사랑 돼지엄마 ㅋㅋㅋ"
"659","리멤버","8","탄성이 나오는 캐스팅 여전히 정돈되지 않는 유머"
"660","낮에는 덥고 밤에는 춥고","6","뻔하다  너무 풋풋하긴 해요"
"661","시카리오: 데이 오브 솔다도","8","1편과 큰 차이없는 킬링타임 영화"
"662","공조2: 인터내셔날","9","올해 개봉한 웬만한 히어로영화중에 가장나음DC쪽에선 아쿠아맨 재밌게 봤는데 그거보다 조금 덜한정도때려 부수고 투닥거리는 영화라 보는맛이 있었음"
"663","옆집사람","7","사로잡는 환상적인 꿈의 공포 빈약한 스토리"
"664","인생은 아름다워","8","욕망이 가득한 시선에 그을린 저 먼 곳의 메아리"
"665","에브리씽 에브리웨어 올 앳 원스","2","너무 난해해ㅜ 어쩌젼ㅇ"
"666","자백","9","필름 시절의 오래된 영화입니다네거티브 16 mm 포맷을 35mm 디지털 로 리스토어 했다지만여전히 필름 영화미가  물씬 느껴집니다 게다가 CGV 아트관 특성상 영사기 소음이 들리기 때문에 더욱 그러했습니다 . 의외의 만족감이라고 할까요 ?지루함은 필수 ~ 참고 끝까지 보고 나면 피식 하고 미소 짓게 되는 어이없는 마법의 영화입니다"
"667","20세기 소녀","2","독특인지 이상한건지..보다..말았음"
"668","살인청부업자","10","진짜 역대급 영화였습니다 너무 재밌고 신선하고 너무나 취향저격 .... 하 또 보고싶어요 ㅋㅋㅋㅋ 이런류 영화가 취향이신분들은 진짜 환장할 영화 진짜 무조건 추천 !!!! ㄹㅇ 중간부터 눈물나가지고 참느라 힘들었음 ㅠㅠ"
"669","리멤버","8","이제 막 씨네f에서 봤는데 마지막 역에서 헤어지는 장면 그냥 기차가 빠르게 지나가고 루 할아바지 고이치로가 사라지는걸로 했으면 더 자연스업고 잔잔했을건데 내내 좋다가 끝부분에서 작위적이라 좀 아쉬움. 검색으로 신카이마코토 딸이란걸 보고 쇼킹. 연기 잘한다. 루도 연기 너무 잘했어ㅠ 힐링물 좋아하는 나는 너무 좋았다"
"670","낮에는 덥고 밤에는 춥고","5","노래를 한다고 뮤지컬 영화가 아니고 눈물이 난다고 좋은 영화는 아닌"
"671","시카리오: 데이 오브 솔다도","5","마치 밀실에서 벌어지는 추리 영화처럼 보이다가, 중반 이후로는 반전을 담은 드라마로 전개된다. 반전은 나쁘지 않지만, 여러 캐릭터들의 동기와 역할은 명확하지 않고 애매해서 아쉽다."
"672","공조2: 인터내셔날","5","우연히 기분 나쁜 일에 휩쓸리는 초반부는 서스펜스가 상당하지만, 다소 막나가고 쓸데없이 폭력적인 후반부는 아쉽다. 박중훈은 장르에 맞을 때도 있고 어색할 때도 있는 연기를 펼친다."
"673","옆집사람","10","연기력, 반전이 미쳐요 꼭보세염여먀여명먀"
"674","인생은 아름다워","10","영화관에서 영화를 보고 듣고 체험하는 기쁨을 실감하게 해준 역작"
"675","에브리씽 에브리웨어 올 앳 원스","8","괜찮은 반전 그리고 너무 잦은 반전"
"676","자백","10","먼가 되게 재밌고 새로운 느낌의 영화였어요 그리고 영화의 연출? 이 너무 새롭고 좋았어요!!!"
"677","20세기 소녀","10","후반부에 들어서 보는 내내 울었다내 인생 영화에 들어감"
"678","살인청부업자","8","역시 더 락은 모든걸 뿌셔"
"679","리멤버","10","내일 또 봐요...두번다시  못보는 첫사랑이 생각나 너무나도 울었던 영화."
"680","낮에는 덥고 밤에는 춥고","2","감독에게 점수를 줄 수 없다. 배우들은 감정을 끝까지 놓지 않는 배우와 상황뿐인 열연만 하는 배우로 나뉜다. 저예산이라 영상미, 미술, 너무 저렴하다.."
"681","시카리오: 데이 오브 솔다도","9","최근에 용아맥으로 봤는데 너무 좋았습니다."
"682","공조2: 인터내셔날","1","서갑숙이라니?..."
"683","옆집사람","10","내내 웃었고 울었던 영화, 잘 봤습니다"
"684","인생은 아름다워","10","감동적이고 너무 재미있음"
"685","에브리씽 에브리웨어 올 앳 원스","9","우크라이나 애니메이션이네...니들이 아직 이현세의 아마겟돈 맛을 못봤구나?"
"686","자백","9","이것은 과거의 영화인가 현재의 영화인가"
"687","20세기 소녀","4","그닥,, 사람이 미련하게 착해"
"688","살인청부업자","10","상상하는대로 마음먹은대로 멋지다"
"689","리멤버","6","사람들이 만들어낸 잣대 속에서 살아남기"
"690","낮에는 덥고 밤에는 춥고","8","재미있게 잘봤습니다."
"691","시카리오: 데이 오브 솔다도","4","영화 한편에 온갖걸 다 집어넣은 맛없는 짬뽕. 코메디영화니까 웃겨야한다는 강박으로 만든 영화."
"692","공조2: 인터내셔날","5","범죄도시의 감독이네"
"693","옆집사람","10","여운이 남는 영화. 습지와 새들을 품은 아름다운 영상미와 스토리가 정말 좋았습니다. 원작 책도 읽어봐야 겠네요."
"694","인생은 아름다워","10","기대 하나도 안하고 봤는데, 마블이 요새 재미없게 만들어서 히어로영화 가뭄이었는데 블랙아담이 굶주린 우리마음 다 채워줌.. 캐릭터 하나 하나 다 매력있어서 좋았음. 특히 삼촌 짱!쿠키가 역대급. 디씨가 진짜 이악물고 만듬.."
"695","에브리씽 에브리웨어 올 앳 원스","7","디스토피아 영화의 표본"
"696","자백","2","OOO기영화 마지막까지 암것도안나옴"
"697","20세기 소녀","10","난 좋았음. 흑백논리 얘기하는 거랑 배우들 인종, 외모로 연출한 스토리도. 사람이기에 진정한 선도 악도 없음을. 그럼에도 선의 가치를 전달하는. 좋았음 !"
"698","살인청부업자","9","재밌었습니다. 다 알고 있는 사람이 설명하는 듯하다 반전도 나오고 좋았습니다. 그런데 소지섭이 한 유민호 역은 왜 자신이 더 범인으로 몰릴 수 있는데 문 끈(?)은 안 풀었을까요? 경찰 출동으로 경황이 없었나?"
"699","리멤버","10","현빈님 보느라 넋이 나갔네요ㅎㅎ연기는 말할것도 없구요~~!!!"
"700","낮에는 덥고 밤에는 춥고","6","어른들을 위한 따뜻한 판타지 동화"
"701","시카리오: 데이 오브 솔다도","10","반전이 지림 이정도면 띵작이지"
"702","공조2: 인터내셔날","2","미안하다.보다 말았다. 진짜 이게 뭔지 싶게 심하게 현타와서 더는 못보겠는 영화.특히 젤 싫었던 캐릭터는 박해수가 연기한 검사...다 이상하지만 대체 넌 뭐라니!"
"703","옆집사람","5","너로정했다가 훨 예쁨. 작화팀 애니메이션팀 고생한거 보이네요"
"704","인생은 아름다워","10","그래도 변배우 나오니까..ㅎ"
"705","에브리씽 에브리웨어 올 앳 원스","5","나름 시간때우기에는 쏘쏘함"
"706","자백","5","나름 시간때우기에는 쏘쏘함"
"707","20세기 소녀","9","너무 큰기대 안한다면.."
"708","살인청부업자","10","아 윤아 진짜 대박웃었음ㅜㅜ푼수이미지가 더이쁜듯진선균님도정말 악역멋있는듯 오랜만에재밌게봄"
"709","리멤버","1","이런것도 영화라고 만드는 양심없는 감독...나같으면 어디가서 쪽팔려서 영화 감독이라고 못할거 같다"
"710","낮에는 덥고 밤에는 춥고","8","마블처럼 복잡하지 않고 단편 액션영화로 즐기기 딱 좋다.미국의 마동석인데, 당연히 호쾌하지"
"711","시카리오: 데이 오브 솔다도","10","초등학생때 보고 갑자기 생각나서 다시본 영화. 이제 30대를 앞두고 있는데 하루하루를 더 소중히 생각하며 감사하는 인생을 살아야겠다고 다짐했음."
"712","공조2: 인터내셔날","8",""
"713","옆집사람","7","지금봐도 볼만한 뱀파이어류 수작. 옆집 남자가 흡혈귀라니 얼마나 신날까"
"714","인생은 아름다워","10","개인적으로 2022년 최고의 한국영화라고 생각한다.너무 수준이 높았다.."
"715","에브리씽 에브리웨어 올 앳 원스","10","이가 가려우면 양치를 해야지"
"716","자백","5","이거 무섭다고 하는 인간들 제 정신임?? 존나 무섭다해서 봤더만 무섭지도 않구만 억지로 보다가 성냥키고 끝"
"717","20세기 소녀","2","이거 평점이 뭔가 잘못 됐는데?"
"718","살인청부업자","10","아니 나만 울었어..?"
"719","리멤버","10","진짜 재미있어요! 이성민 배우가 진짜 연기를 잘하고 내용자체가 생각해야하는 내용이라 좋았어요."
"720","낮에는 덥고 밤에는 춥고","10",""
"721","시카리오: 데이 오브 솔다도","8","지금보면  그렇게 션세이널한 영화는 아니다. 작가 왕가위."
"722","공조2: 인터내셔날","10","2탄 왜 안나오냐구요ㅜㅜ"
"723","옆집사람","10","당신의 눈동자에 건배 ----"
"724","인생은 아름다워","10","그저 감동만이 가득하다."
"725","에브리씽 에브리웨어 올 앳 원스","10","이 영화는 정기적으로  극장에서 봐야합니다."
"726","자백","10","우연히 정말 좋은 영화 보게 되어서 행복하네요... 인생은 역시 운명과 선택인것 같아요. 어떤 선택을 하던 행복은 마음가짐에 있다는 것... 교훈도 있고 희망도 주는 좋은 영화에요."
"727","20세기 소녀","10","영화 재미있게 봤어요. 추천합니다"
"728","살인청부업자","10","이게 정말 옛날 영화입니까? 추천합니다"
"729","리멤버","6","스토리가 진부함 앞이 계속 예측됨"
"730","낮에는 덥고 밤에는 춥고","10","40년 어린시절 느꼈던 감동을 극장에서 돌비로 음악을 들으며 보는 것 자체가 큰 선물과도 같았습니다. 라스트씬에서는 울컥 하더군요. 고다이고의 노래을 마지막까지 다 듣고 나왔습니다."
"731","시카리오: 데이 오브 솔다도","8","스토리는 장식 액션은 일품보스는 존재감 없음닥터페이트 멋짐"
"732","공조2: 인터내셔날","10","‘어떤 삶을 살아야 하는가’에 대한 고민의 깊이 만큼 되돌려 주는 영화"
"733","옆집사람","9",""
"734","인생은 아름다워","10","2편 기대합니다 재밌어요"
"735","에브리씽 에브리웨어 올 앳 원스","2","별 하나도 아까운 영화. 설정도 미약 연기력도 꽝. 걍 공포나 스릴 보단 그냥 드러운 장면에 보다 그만봄."
"736","자백","8","식상한 재료를 신선하게"
"737","20세기 소녀","4","액션 빼고는 그닥 인상적이지 않음"
"738","살인청부업자","9","처음엔 너무 산만해서 무슨 내용인지 몰입이 안되었는데 후반부로 갈수록 흥미진진하고 재미있었다. 근데 2부는 언제 나오는거야 ㅠㅠ"
"739","리멤버","1","봤던 영화중에 진짜 세손가락 들정도로 ㅈㄴ재미 없음 어거지 반일+개연성제로+남주혁 연기+신파 그냥 똥닦는게 더 재밌음"
"740","낮에는 덥고 밤에는 춥고","10","으아니 이거 외않봐… 생각보다 재밌고 우리가 너무 과거를 잊고 사는구나 싶었네요… 남주혁은 이제 모든 연기가 다 되네… 하고싶은거 다 해 ?♀?"
"741","시카리오: 데이 오브 솔다도","8","영화 잘 봤습니다~ㅎㅎ"
"742","공조2: 인터내셔날","1","만들지 말았어야 하는 영화"
"743","옆집사람","10","아이들과 노인들이 왜이렇게 아름답게 보이는지.."
"744","인생은 아름다워","9","별 기대없이 봤는데 재밌고 , 감동적인 부분도 있었음"
"745","에브리씽 에브리웨어 올 앳 원스","10","난 너무 신선하고 재밌는데 한국판 마블? 두번째 보는중다음 시즌 기대됨~~평들이 재미없다길래 기대안하고 봤는데 난 저런 장르를 좋아하나봐요"
"746","자백","8","연기로 깔사람이 없다 명작인 거에는 다 이유가 있지"
"747","20세기 소녀","8","모든것이 잘못되가고 있다는 생각이 들때 모든것이 괜찮아질거라는 단 한마디의 말"
"748","살인청부업자","7","아름다운 풍광 좌충우돌 로코의 탈을 쓴 명랑하고 따뜻한 가족영화"
"749","리멤버","10","극장에서 볼까말까 고민해서 죄송합니다 고민할 시간에 빨리봐라"
"750","낮에는 덥고 밤에는 춥고","10","원래 노래 듣는걸 좋아하는데 영화를 시청하면서 익숙한 노래라 인상깊게 봤어요!! 또 볼것같아요! (그리고.. 많이 슬프니까 휴지나 손수건 가져가세요ㅠㅠ)"
"751","시카리오: 데이 오브 솔다도","8","연기력이 두개로 나뉜 느낌이 든다. 기술자는 선한 얼굴이지만 살인해 대해 흔들림 없는 감정선을 이어가는 게 인상적이었음. 타인의 죽음이 익숙한 지루함 이랄까? 음악도 영상도 참 묘~하네"
"752","공조2: 인터내셔날","10","진짜 오랜만에 영화관에서 펑펑울었다노래가 더 내마음을 울리고 가족 생각이 많이 나서 눈물이 멈추질않음ㅠㅠ"
"753","옆집사람","6","괜찮은 스릴러였다"
"754","인생은 아름다워","10","우린 서로 각자의 방식으로 살아간다. 또한 순간의 선택으로 모든것이 바뀌기도 한다. 이 모든것들은 각자의 신념으로 고착화된다. 하지만 각자의 방식과 선택과 신념도 타인에의해 바뀌기도 한다. 좋던 싫던 각자의 방식으로 우린 현재도 사랑하며 살아가고 있다."
"755","에브리씽 에브리웨어 올 앳 원스","8","인간은 항상 그렇다. 합리적이고 싶지만 언제나 비합리적인 존재라는 것을, 모순적이라는 것을."
"756","자백","10","최고예요. 강추합니다!!!!"
"757","20세기 소녀","10","요즘 개봉했다면 2000만은 거뜬할 영화~  시즌 2를 기대합니다."
"758","살인청부업자","10","아니 끝까지 클리셰 범벅이어서 개좋아하고 있는데 왜 죽여요.... 왜 새드엔딩이냐고요ㅠㅠ"
"759","리멤버","10","좋은 영화 감사드립니다"
"760","낮에는 덥고 밤에는 춥고","1","몰입이 안되고 영 따분하던데 난"
"761","시카리오: 데이 오브 솔다도","8","아무 정보없이 그냥 봤는데 뭔가 애매하지만 재밌음특히 몇명 보고 깜놀함 .. 이사람이 마블에?!"
"762","공조2: 인터내셔날","1","오늘 떳길래 봤는데 이거 뭐냐ㅋㅋ틀어놓고 네이버뉴스 봤다 그게 더 재밌어서"
"763","옆집사람","6","닥터스트레인지, 앤트맨, 토르가 보에는 영화"
"764","인생은 아름다워","9","오동민이란 배우의 발견. 앞으로가 굉장히 기대된다"
"765","에브리씽 에브리웨어 올 앳 원스","10","인생 최고의 영화전무후무한 영화라 호언함.죽을때까지 이런영화 만나기 힘들다 본다"
"766","자백","7","전편에 비해 많이 아쉽다 재미가 부족해"
"767","20세기 소녀","4","짐 캐리의 다채로운 표정연기 좋네요~~ 어렸을 때 추억으로 봤는데, 재밌게 봤습니다."
"768","살인청부업자","10","당연히 소설이 더 재밌긴 하지만 매력적인 여주 캐스팅이랑 영상미 덕분에 넘 잘봤습니당!!"
"769","리멤버","10","처음부터 끝까지 오열했습니다...노래도 아는 노래들이어서 신나게 본 거 같네요 감사합니다좋은 영화만들어주셔서"
"770","낮에는 덥고 밤에는 춥고","10","전투기 액션 미쳤다. 전작을 이어 전작을 뛰어넘은 전설이 될 영화."
"771","시카리오: 데이 오브 솔다도","4","연기는 너무좋은데 클리셰범벅이라는게 뭔지 지대로 깨닫게해준영화.. 스토리만 더 좋았어도  ㅠ"
"772","공조2: 인터내셔날","10","뭐야? 재밌잖아???"
"773","옆집사람","10","액션최고 연출최고 보고도 믿기지가 않는영화"
"774","인생은 아름다워","10","영화 참 기깔나게 잘 만드셨다."
"775","에브리씽 에브리웨어 올 앳 원스","10","배우들이 연기 너무 잘하네요 ~ 정일우님 평소에는 연기 잘하는지 몰랐는데... 보고 깜짝 놀랬네요.. 진짜 찌질한 정신병자 제대로 ㄷ ㄷ ㄷ 라미란님 연기도 그렇고 ..다 각자의 시각에서 잘 풀어낸 영화였습니다 .. 오랫만에 장난같지 않은 영화를 본 것 같네요 .. 호불호가 갈릴수는 있겠지만 ~ 작품성은 있습니다 ."
"776","자백","10","반려견을 키우는 누구나 공감할수있는 이야기에 아역배우와 루의 연기가 너무나 좋았습니다"
"777","20세기 소녀","1","클리셰가 영화 망쳤음"
"778","살인청부업자","10","친일파를 청산하지 못한 민족은 영원히 혼란에 빠진다. 국찜당과 굥석열차같은게 나온건 첫단추인 친일파청산에 실패했기 때문이다."
"779","리멤버","6","거북선 등장 마자 전율이..."
"780","낮에는 덥고 밤에는 춥고","8","천재라는 자가 저렇게 허술하게 무너지다니... 완전 다른 차명으로 부동산 샀으면 안들켰을거 아님?! 결말 너무 허무함...주인공 검사야말로 혼이 났어야 하는데 ㅜㅠ"
"781","시카리오: 데이 오브 솔다도","5","윤아 이쁨. 윤아님의 비중을 늘린게 좋았다 뿐."
"782","공조2: 인터내셔날","9","아무 생각 없이 봤는데 재밌었습니다."
"783","옆집사람","6","레알 잔인하다. 최근 본 영화들 중 가장 잔인."
"784","인생은 아름다워","7","나름의 반전도 있고 약간 색다른 스릴러로 볼만했다.."
"785","에브리씽 에브리웨어 올 앳 원스","5","서울극장이 사라진게 아쉬울 뿐이다."
"786","자백","5","B급 C급의 나름 각잡고 보면 재미는 좀 있었지만 뒤로 갈수록 봐주는데도 한계가 있었다."
"787","20세기 소녀","10","정말 보면서 웃고 울고 또 웃다 또 울었다...어머니랑 보고싶다.!정말 좋은 영화 잘만든 영화!!!기대했고 기대보다 더 갚진 영화"
"788","살인청부업자","10",""
"789","리멤버","8","이미 성인까지 성장해놓고 뒤에 여주를 바꿔서 몰입도 떨어뜨리는 이유를 정말정말 모르겠드라. 어이없는 결말. 내 평점은 유정이까지 10점 뒤에 감점"
"790","낮에는 덥고 밤에는 춥고","10","진짜 재밌게 봤다. 이런 영화 많이 만들어 주삼"
"791","시카리오: 데이 오브 솔다도","1","산만하고 맥락없다.."
"792","공조2: 인터내셔날","8","신박하고 재밌었다. 세명의 배우가 펼치는 연기들이 조화롭고 좋았다. 청담도령 의리에 박수를.."
"793","옆집사람","8","살벌하다...베리 키호건만 가능한 연기"
"794","인생은 아름다워","8","최근 본 히어로 영화 중 가장 만족스럽다. 드웨인 존슨의 블랙 아담은 강력했고 피어스 브로스넌의 닥터 페이트는 정말 멋졌다. 꼬맹이 부분이 좀 오글거리고 유치했지만 블랙아담의 좋은 시작이였고 액션이 무척 좋았다. 다음이 기대된다."
"795","에브리씽 에브리웨어 올 앳 원스","1","근래 보기 힘든 훌륭한 망작이다."
"796","자백","7","한정된 공간에서 긴장감 좋음. 주인공이 경시생인데 상황판단력이 저거 밖에 안되나 싶어 좀 피로하지만 뚝심있게 긴장감과 쉽게 예상못할 전개로 이야기가 흘러감. 최희진 배우의 비주얼과 연기가 좋았음. 숨죽이며 재밌게 즐길수 있었다."
"797","20세기 소녀","10","변우석배우님ㅜㅜ청춘시대때멋잇엇는데드뎌제대로된작품을만나셧네요ㅎㅎ표정연기도좋고김유정님이랑케미도좋아요ㅜㅜ설레고간질간질한ㅜㅜ넘좋앗어용ㅜ"
"798","살인청부업자","10","한마디로 명작입니다."
"799","리멤버","7","미 한인사회의 의식체계를 뒤흔들어버린사.이.구 LA폭동...당시 흑인들의 약탈과 살인을 방치하며 손을 놓고 있던 LA경찰...이에 맞서 자신들의 재산과 생명을 철저히 스스로의 손으로 지켜낸 그들..."
"800","낮에는 덥고 밤에는 춥고","3","뭐가 절친이고 악당인진 모르겠지만"
"801","시카리오: 데이 오브 솔다도","6","양조위 없었으면 어떡할뻔 했을까"
"802","공조2: 인터내셔날","6","포스터 배경 왜 저걸로 함? 전혀 관계 없음. 긴장감 좋았고 제라드 버틀러 멋짐."
"803","옆집사람","5","맛있는걸 섞었는데 맛 없는 요리가 나왔어"
"804","인생은 아름다워","7","유치한 스토리+화려한 액션만으로도 최근 한국영화들을 압도하죵"
"805","에브리씽 에브리웨어 올 앳 원스","8","엉성하지만 엉성하기에 더 매력적인"
"806","자백","1","진짜 개억지의 억지의 억지를 넘어서면 또 억지가 나오는 영화..보고나서 뭔가 화가나고 내가 왜 이딴영화를 봤지? 하는영화는 이게 처음이었네요..뭘 말하고자 하는지 메시지도없고 스토리도 없고뭔가 총을쏘고 죽이고 하긴하는데 긴박함도없고후반 헬기씬은 진짜 보면서 아.. 언제끝나지.. 이생각만 들었어요진짜 ㅋㅋ 무슨 cg에 웃고 뭔가 연출이 너무 과해서 어지러운느낌?예를들어 소고기를 진짜맛있게 먹을때 와사비 조금만 곁들여서 먹으면 진짜 끝판왕으로 맛있는데와사비를 들이부어서 그 맛있는 소고기가 진짜 토나오게 맛 없어진 느낌..?그냥 웬만하면 안보시길 추천드립니다..마지막에 2편 암시하는 장면에서 진짜 헛웃음만 나왔어요 ㅋㅋ 2편 그냥 안나왔으면하는..."
"807","20세기 소녀","9","거친 배트맨을 봐서 좋아요"
"808","살인청부업자","10","20세기에 살지는 않았지만 너무 몽글몽글한 그런 분위기부터 변우석의 마지막 대사인 ""보고 싶어 21세기의 네가"" 이게 진짜 찢었다"
"809","리멤버","6","예전에 그냥 그렇게 봤는데 무삭제판을 다시 보니 괜찮은 영화였네. 강한나 등장하는 첫장면을 보고 강한나가 천사인줄 알았는네... 결말 전까지는 재미있는데 결말이 이렇게 유치하다니... 너무 오글거림. 노도 없는 배타고 도망이나 갈 수 있나? 화살 맞고도 멀쩡??? 별점 8점 줬다가 결말 5분 때문에 6점으로 낮춤."
"810","낮에는 덥고 밤에는 춥고","10","내가 나를 부정할 때, 내가 나를 믿지 못하겠을 때 보면 좋을 영화이다. 무한한 나 자신의 가능성과 잠재력은 이미 존재중이라는걸 알 수 있을것이다. 단지 보이지 않는다고 해서 못믿지 말것!! 당신은 어디든, 어디에서든 뭐든 다 이룰 수 있은 사람이니까!"
"811","시카리오: 데이 오브 솔다도","5","베놈과 동등"
"812","공조2: 인터내셔날","4","하.."
"813","옆집사람","6","귀여워"
"814","인생은 아름다워","8","장엄한 역사의 시작을 아이맥스로"
"815","에브리씽 에브리웨어 올 앳 원스","10","영화를 사랑함에도 감히 내가 그 작품을 평가할 자격이 없기에 이런 글 한번도 남겨본적 없지만 이런 대본은 저희집 뽀삐도 안쓸것 같습니다. 하도 알바가 많아서 10점 주고 제 개인평 씁니다 도망치세요"
"816","자백","10","영화관에서 느낄 수 있는 최고의 경험"
"817","20세기 소녀","10","친일파 문제 ,,,볼만했어요"
"818","살인청부업자","9","우리 미래가 이렇게 암울하진 않겠죠?"
"819","리멤버","10","정지해두고 캡쳐하면 일러스트… 애니메이션 좋아하면 꼭 보길"
"820","낮에는 덥고 밤에는 춥고","8","잉, 이거 중국에서 봤던 영화인데... 중국영화를 보는데 한국영화 느낌이 나서 이상했는데 보다보니 블라인드랑 내용이 비슷... 리메이크인줄 알았는데 감독이 똑같았었네!!!"
"821","시카리오: 데이 오브 솔다도","8","중국 본토 곳곳에 아메리카타운 코리아타운이 생긴다면 좋아할까??"
"822","공조2: 인터내셔날","10","사람들 도대체 뭘바라는거지?  엄청재밌는데?"
"823","옆집사람","8","우리 모두 V 입니다"
"824","인생은 아름다워","10","평점 낮다고 해서 반신반의로 보았는데 복지 사각지대를 이야기 해주는 거 같았어요 그리고 배우 분들 연기 너무 좋았어요. 백현진 분 늘 악한 역할 나오셔서 의심 했지만 아니어서 너무 다행;;; 한 번쯤은 볼 만한 영화 인거 같아요."
"825","에브리씽 에브리웨어 올 앳 원스","7","어디에 있던지 그래도 사랑하니까"
"826","자백","10","역시 재미가 아주 많이있음"
"827","20세기 소녀","6","역대 시리즈 중 최악인듯 스토리 연출 개연성 엉망 연기 잘하는 배우들 다 모아놓고 뭐하는짓"
"828","살인청부업자","10","와우 넘잼잇음 배우들 존잘"
"829","리멤버","8","솔직히 배우들의 연기가 그냥 다 살린 작품같습니다. 보면서 재미없다고 느낀 부분은 없었지만.. 다 보고 생각해보니 러닝타임이 꽤 긴 것 치고는 서사 풀이가 덜된 것 같아요. 복수의 방법도 좀 아쉽고..마지막에 한필주에게 죽음을 선택하지 않고 감옥에 가는 것으로 죗값을 치른다(?) 이미 지병으로 죽음을 거의 앞둔 노인에게 감옥살이가 무슨 단죄의 의미가 있을까 싶기도 해요. 결국 한필주가 죽음을 택하지 않은게 죗갚을 치르는 거라면 앞에 복수를 위해 죽인 사람들도.. 그냥 편하게 가게 한것과 마찬가지겠죠..(그것만이 방법은 아니겠지만) 마지막 김치덕 장군 손녀를 위협한 것 같은 뭔가 동일한 고통을 주는 식으로 처단하는 게 오히려 개연성이 있지않나 싶네요. 무튼 이성민 배우의 아픈 노인 연기가 정말 실감나고.. 초반 남주혁 배우의 짜증날정도의 눈치없음(?).. 그리고 친일파를 연기하신 배우님들.. 정말 어디선가 그렇게 말하고 주장하고 있을 것 같아요.  중간에 윤제문님 앞에 무릎꿇었을때 남주혁님이 살려만 달라고 했다가 기지를 발휘하는 부분도 많은 생각을 하게 만드는 영화였습니다."
"830","낮에는 덥고 밤에는 춥고","10","오랜만에 꽤 괜찮은 공포 영화 봤네 몰입감 + 긴장감 + 반전 다 잡았음.. 공포 영화 매니아라면 추천합니다!"
"831","시카리오: 데이 오브 솔다도","8","괜찮은데? 왜케 평점 낮은 지 모르겠네요"
"832","공조2: 인터내셔날","9","탐욕과 내전으로 인한 시에라리온의 참상을 현실감있게 전달하면서도 제대로 스토리를 입혀 두마리 토끼를 다 잡아냈다 평점 8.6"
"833","옆집사람","10","아 감성을 이렇게까지 자극 할 수 있다고?"
"834","인생은 아름다워","10",""
"835","에브리씽 에브리웨어 올 앳 원스","10","볼때마다 가슴이 너무 아리지만 최고의 영화"
"836","자백","10","처음에는 엄청 무서운 공포 스릴러 영화인줄 알고 고민 끝에 용기를 내서 보게 되었고 보는 도중에도 무서워서 그만 둘까 싶었지만 알고 보니까 내 기준에서는 공포 영화가 아니었다. 보면서 예상보다 무섭지는 않았는데 슬퍼서 펑펑 울면서 봤다. 끝까지 보기를 잘 했다는 결론이 나게 해준 작품들 중 하나."
"837","20세기 소녀","7","이해할 수 없는 것이 결국 사랑.."
"838","살인청부업자","8","콧대 높은 결핍을 마주하는 입체적인 내러티브"
"839","리멤버","10",""
"840","낮에는 덥고 밤에는 춥고","10","반전의 반전의 반전 입미다"
"841","시카리오: 데이 오브 솔다도","3","이뤄지지 못한 첫사랑과 복고의 뻔한 조합, 하이틴멜로 클리셰의 향연, 우연성에 지나치게 의존하는 서사, 시대만큼이나 낡고 진부한 대사, 틀에 박힌 캐릭터와 갈등구조, 자꾸만 감성을 자극하려는 반복되는 얕은 수에 오히려 피로하게 만드는 연출. 공중파 멜로드라마와 비교해도 나은 점을 찾기 힘든 졸작."
"842","공조2: 인터내셔날","2","제2의 7광구 느낌이..ㅋㅋ아니..무슨 연출을 이렇게 하지? 베테랑 경찰이란 애들이 총을 못쏴 ㅋㅋ"
"843","옆집사람","10",""
"844","인생은 아름다워","7","동화에 현실을 살짝 버무려"
"845","에브리씽 에브리웨어 올 앳 원스","6","액션도 길면 지루 할수있구나 하고 깨달았다 흥미있는 부분은 처음 몇분하고 쿠키영상이 다였다!"
"846","자백","7","육신은 사라져도 신념은 이어진다"
"847","20세기 소녀","6","영화보고 우울증이 생겼어요ㅠㅜㅜ 이정도면 평점 6.5정도 되는것같다 하고 보다가 후반에 이건 평점2점이야 !!!!우울하네요.."
"848","살인청부업자","10","이태석 신부님을 따르려는 남수단 제자들의 이야기. 또 한 번 감동을 주는 영화."
"849","리멤버","10","발리우드 액션의 승리, 최고의 영화"
"850","낮에는 덥고 밤에는 춥고","10","오랜만에 공포영화 명작 나왔네요.감독 머릿속이 궁금할 정도입니다.저금은 사일런트힐을 생각나게 하는 장면도 있더군요.공포영화는 워낙 호불호가 갈려서 높은 평점 받기 어려운데 공포 좋아하시면 믿고 보셔도 좋습니다.추천합니다.연기, 연출, 스토리 모두 10점입니다."
"851","시카리오: 데이 오브 솔다도","2","놀랬다...뭔 영화일까"
"852","공조2: 인터내셔날","8","재미있었습니다, 배우분들 아역까지도 찰떡 캐스팅에 연기가 좋습니다일본 감성이 느껴졌습니다"
"853","옆집사람","6","2022 .11.02 개봉"
"854","인생은 아름다워","10","이성민 연기도 잘하고 남주혁도 연기가 늘었네요 내용도 좋았고 속이 시원합니다"
"855","에브리씽 에브리웨어 올 앳 원스","10","헐 대박 별 기대 안하고 보러 갔다가, 후반부로 갈 수록 몰입도 최고입니다!!!"
"856","자백","10","내 인생 감히 최고의 영화..! 평범한 삶을 살아가다가 ..  옛날을 회상하고 꿈 꿀 수 있게 되는.. 짜릿한 장면들!  명작"
"857","20세기 소녀","10","연출부터 ost까지 뭐하나 감상포인트로 추천 안 할 수가 없네요.잊고 지낸 풋풋했던 시절의 감성을 되살려주는 영화였어요. 보는 내내 심장이 몽글몽글해지기도 하고 저려오기도... 유정님은 유정했고, 우석님은  새로운 발견이었어요. 남자도 저렇게 애처롭게 울 수 있다니... 보는 사람마저 맴찢!!! ㅠㅠ 원하던 결말이 아니어서 매우 아쉬웠지만 그래서 더 애절했던 것 같아요. 전하지 못한 편지... 기차역... 해돋이... 무한반복시청 중입니다. 이 여운이 언제쯤 가실런지요. * ost 발매 좀 부탁드려요...토이의 ""거짓말 같은 시간""  도 함께요~~ 멜론에서 찾아 들었는데 가사가 주인공들이 하는 말 같아서 더 슬펐다는 ㅠㅠ"
"858","살인청부업자","6","잔잔하고 가슴이 따뜻해지는 영화.."
"859","리멤버","1","싸우는건 좋은데 궁금증은 해결좀 해주면 안되나~? 누구랑 싸우는지 왜 싸우는지도 모르고 게다가 남주는 버려지고 총맞는데도 끝까지 살아나고 끝까지 믿어주네~ㅋㅋㅋ 어처구니가 없네~"
"860","낮에는 덥고 밤에는 춥고","7","이 작품의 가치가 낮은 이유는 마지막 지미아내의 언행임. 역대급 무리수."
"861","시카리오: 데이 오브 솔다도","10","너무조아용 ㅜㅜㅜ진짜감동많아요.."
"862","공조2: 인터내셔날","8","배우 연기는 인상적인데 계속적으로 피칠갑을 보자니 힘듦"
"863","옆집사람","7","오리엔트 특급 테이큰"
"864","인생은 아름다워","2","요트 위에 바보들"
"865","에브리씽 에브리웨어 올 앳 원스","10","B급 영화 처음이었는데 이 영화가 앞으로 볼 B급 영화를 모두 미만잡으로 만들 것 같다.처음엔 세계관이 너무 커서 정신이 없었는데 세계관이 내가 살면서 선택한 것 중 포기한 길로 갔을 때의 내 모습들과 연결된다는 점이 너무 독창적이었고 작게 보면 정말 어이털리는 영화겠지만 뒤로 갈수록 점점 빨려들고 그 많은 복선을 싹 다 깔끔하게 (이해 안 되던 제목까지) 회수해가는 걸 보고 정말 이 영화를 쓴 작가는 도대체 어디서부터 떠올려야 이런 스토리를 만들 수 있었을까에 대한 생각까지 해 보게 되었다. 오마주는 또 왜 이렇게 잘 한건지 모르겠다 이게 바로 B급 영화의 특징이겠지 앞으로 B급 영화도 많이 찾아봐야겠다 별점 10점만 있는거 개아까움 100개 있었으면 100개 주고싶다"
"866","자백","6","김민재배우 이거 찍는다고 고생많이했네요 멋있었어요!"
"867","20세기 소녀","2","감독이 선지국을 좋아하나봄피가 너무 과하게 쏟아짐영상미 0점"
"868","살인청부업자","4","미안하지만 좀 아닌듯.."
"869","리멤버","10","과거가 제대로 청산되지 않은 아쉬움에서 영화가 탄생하지 않았나 싶어요. 이성민배우 연기도 인상적이여서 몰입도가 매우 높았네요"
"870","낮에는 덥고 밤에는 춥고","2","흠....진짜 추석때 kbs에서 편성해줄때까지 기다려주세요..제발..볼거없다고 결제하지마세요.."
"871","시카리오: 데이 오브 솔다도","2","아무생각없이 봐도 재미없음"
"872","공조2: 인터내셔날","8","이게 뭐라고 긴장감이.. 때때로 웃기기까지 함.암튼 남자는 예쁜 여자를 조심해야..."
"873","옆집사람","5","다소 지나친 개연성과 다소 지나치게 예쁜 나나"
"874","인생은 아름다워","9","습지에서 터득한 스스로 살아남는 법"
"875","에브리씽 에브리웨어 올 앳 원스","10","2022 가을 이 영화 안 보신분 꼭 보세요"
"876","자백","5","배우들 연기 졸라못함 --; 나중엔 웃김 ㅋㅋㅋ"
"877","20세기 소녀","9","저런 친구들 있는 주인공 부럽네..전쟁의 비극을 이용해 지지율 얻는 정치인들 과고익관료 들.."
"878","살인청부업자","10","나이 들고 보니 눈물이 난다 난 애도 없는데, 내가 아껴주고 사랑하며 엄마한테 버리지 말라고 애원하던 내 인형들이 아직도 생각나 그리고 테디가 너무 귀여워 슬픔.. 초등학생 때 과천 어느 상가에서 사달라고 졸랐던 테디와 똑같던 나의 곰인형도 보고싶다... 유달리 인형에 많은 마음을 쏟았던 나"
"879","리멤버","10","공감도 되고 너무 감동적이였어요"
"880","낮에는 덥고 밤에는 춥고","2","충분히 예상가능한 반전마무리는 황당쓰리멤버볼걸 ㅎㅎㅎ"
"881","시카리오: 데이 오브 솔다도","4","해리포터 같은 영화를 안 좋아해서 그런지.재미가 없다.선학교 애들이 겁니 악하네. 뭐가 선이고 악인지도 모르겠고. 내용도 두서 없고."
"882","공조2: 인터내셔날","9","좀 지루한 부분도 있지만 자기만의 이야기를 써내려가는 점이 인상적. 그 끝이 죽음이라도 받아들이는 것."
"883","옆집사람","10","마지막 반전 장면과 마지막 기억을 잃은 할아버지가 너무 슬펐음"
"884","인생은 아름다워","10","아직도 기억에 남는 영화"
"885","에브리씽 에브리웨어 올 앳 원스","10","근 3년동안 극한직업이랑 내안의 그놈만한 코믹영화가 없음.. 2022년도 요즘 나오는 영화 보다가 현타왔다."
"886","자백","10","예상가능한 반전을 끌고가는 것도 능력"
"887","20세기 소녀","10",""
"888","살인청부업자","10","이런영화 오랫만이네요~"
"889","리멤버","6","연기는 좋았지만...영화는 글쎄..."
"890","낮에는 덥고 밤에는 춥고","1","의도가 무엇인가ㅠ피칠갑"
"891","시카리오: 데이 오브 솔다도","10","어엿한 사회인이 되서 씩씩하게 이 세상을 살아가는 5명을 보고 나데시코네한테 자랑해도 될만큼 제 인생을 열심히 살고 싶다는 생각이 절실히 들었습니다. 이렇게 훌륭한 애니를 만들어주신 분들께 최대한의 축복을"
"892","공조2: 인터내셔날","10","재미있게 잘 보았습니다"
"893","옆집사람","10","긴장감있는 연출, 그러나 부담스럽지 않은 연출이좋았어요 이성민의 수준급연기,열심히 한 주혁이 때문에 재밌게 봤어요"
"894","인생은 아름다워","8","극장 문을 나선 후부터 서서히 슬픔이 파고든다. 물에 잉크가 퍼지듯..."
"895","에브리씽 에브리웨어 올 앳 원스","1","와 진짜 최악이다 차라리 공포물로 만들던가 고어물이라고 하던가 죽고즉고 죽이고 끝 ㄹㅇ 시간버렸네 ㅋㅋ 일본침몰급 ㅋㅋ"
"896","자백","10","최애 두 배우의 만남 만으로 기대작이었고....두 배우의 잔잔한 감정선이 너무 좋음."
"897","20세기 소녀","10","영화가 예뻐요 감동적이고 먹먹해요"
"898","살인청부업자","7","영화 자체로만 본다면 킬링타임용으로 충분합니다. 하지만 영화와는 별개로 저는 이성민님을 한 인간으로서 한 배우로서 존경하기에 어떠한작품을 찍으시든 볼 것 같습니다. 주혁님은 이미 충분히 대한민국에서 내로라하는 외모를 가지셨는데도 멋을 더 내기위해 노력 하시는 것 같습니다. 다른 작품에서는 날 것 같은 연기로 뵀으면 합니다."
"899","리멤버","7","간만에 워킹타이틀표 로맨틱 코미디를 봐서 좋았다. 내용은 생각했던 것 보다 잔잔하고 다소 늘어지기도 해서 조금 아쉬웠지만 말이다."
"900","낮에는 덥고 밤에는 춥고","10","사람들이 너무 짜다. 내 평점은 8.5. 어머니의 사랑이 주제라는 것만으로 이미 8점 넘어갔어. 부활이라는 것만 빼면 스토리도 개연성있고. 볼만합니다  평점이 낮아도 볼만해요. 시간 안 아까워요"
"901","시카리오: 데이 오브 솔다도","9","감동ㅜㅜ디즈니 플러스로 집에서 엄마랑 봤어요ㅜㅜ재밌고 귀엽고 교훈도 있네요~"
"902","공조2: 인터내셔날","1","내가 살면서 처음 본 주인공이 없는 영화...그 좋은 배우진 데려다가 그냥 스토리 개연성 무시하고영화 전체분량을 1/N 로 나눠서 배정한 느낌...스토리 엉망, 영화 전개 개판, 영상미 전혀..."
"903","옆집사람","8","공간 전체를 밤이었다고 가정하니 더욱 서늘 하다"
"904","인생은 아름다워","10","일단 엄마연기가 ㅎㄷㄷ"
"905","에브리씽 에브리웨어 올 앳 원스","5","영화제 수상을 했고 평론가들의 평점도 매우 높아 기대를 조금 했는데 영화는 실망스러웠습니다. 30분정도의 조금 긴 단편영화에 적합한 이야기인데 1시간 33분의 장편영화로 만들기엔 무리였던 것 같네요. 주인공이 처한 난처하고 위급한 상황에서의 대처도 조금 억지스러웠습니다."
"906","자백","10","전 너무재밌던데과거와 현재가 오라가락처음에 이해가안되어 머지?했는데후반부에 풀리네요안헛갈리게  스토리가이어졌으면보기 편했을듯^^2부기대되요"
"907","20세기 소녀","8","개인적인 감상평 (스포있음)         1. 광고에는 서인국밖에 안 나오는데 정작 서인국은 50분에 죽음       쉽게 말하면 베라에서 엄마는 외계인 홍보를 오지게 해서 사 먹으러 갔는데 엄마는 외계인은 한 통이 끝이고 나머지 전부는 민트 초고밖에 없어서 좋든 싫든 들어간 사람들이 강제로 민트 초코만 사 먹어야 한다면 당연지사 화가 나고 불만이 생기기 마련          2. 범죄자와 경찰의 대립구도는 힘의 균형이 맞기 때문에 긴장감이 조성된다            말 그대로 후반에 나오는 알파 때문에 재미가 없다고 느껴지는 제일 큰 문제점이라고 생각하는 게 '범죄자들의 교묘한 속임수와 잔인성 그에 대응하는 경찰' 이런 내용을 기대하고 보통 영화를 시작했지만 잘 흘러가다 뜬금없는 무적의 살인귀 알파의 등장으로 몰입이 방해될 정도의 연출된 고어씬 및 인물들의 소모품화 ( 정작 저 연기 잘하는 배우들이 아무것도 한 게 없고 보여준 것 없이 다 죽어나감 ) 되면서 각 캐릭터들의 소개 및 과거 사연 등 아무것도 없이 그냥 시체 죽어 나갈 때마다 "" 아니 얘가 죽어?"" "" 아니 얜 안 죽겠지..."" "" 아니 이럴 거면 왜 이 배우들을 쓴 거야?"" 등 탄식과 의문이 많이 남음        3. 내용의 급 전개        이 영화를 보면서 제일 적응 안 되던 거는 사람이 토마토 케첩처럼 쥐어짜이는 것보다 대체 뭘 말하고 싶은지 알겠고 뭘 보여주고 싶은지는 알겠는데 이걸 꼭 이렇게 연출해서 영화로 보여줬어야 했나?라는 생각이 든다        4. 개인적인 의견        차라리 범죄조직 vs 경찰 서로 죽이고 죽이는 싸움을 하다 마지막에 피 냄새를 맡고 깨어나는 알파를 보여주고 2편을 시작했으면 더 좋지 않았을까? 범죄자들 사이에서 복수를 꿈꾸는 남자의 이야기를 경찰과 대립 중에 살육전을 하면서 특별한 신체능력을 보여주고 그다음 개조 인간 떡밥을 조금씩 풀어주는 게 더 관객들이 기대를 하지 않았을까 생각하며 글을 마"
"908","살인청부업자","1","테츠야 감독 영화 좋아하는데 불편한 감이 없어서 아쉬었고 혐오스런 마츠코보고 기대하는 마음으로 봤는데 실망임"
"909","리멤버","7","현실에 지친 어른들을 위한 한편의 동화 같은 이야기"
"910","낮에는 덥고 밤에는 춥고","10","가슴이 아프네요. 다이애나... 힘들게 간 그녀의 삶이 먹먹합니다."
"911","시카리오: 데이 오브 솔다도","7","홀로 살아가야 했던 습지 소녀를 품어준 자연의 아름다움"
"912","공조2: 인터내셔날","1","서울 대작전보단 낮지만이딴게 넷플1위?"
"913","옆집사람","10","생각보다 잼났음 1,2부 나눠줘서 아쉽 ㅜㅜ 기다려지기 보다는 앜 이렇게 끝나? 요런느낌의 엔딩"
"914","인생은 아름다워","10","잘 봤습니다 외계+인 2부 기다리겠습니다"
"915","에브리씽 에브리웨어 올 앳 원스","10","이건 지금 봐도 진짜 잼있음"
"916","자백","10","연기와 대사의 어눌함은1986년 당시를 생각하면 다 용서된다.. 홍콩느와르의 시작은 전설의 제작자와 감독과 배우들 조합이 완성했다"
"917","20세기 소녀","10","평점에 속아서 못볼뻔했습니다. 영화관에서 봤어야 했는데 너무 재밌어요! 빨리 3편도 보고싶어요"
"918","살인청부업자","1","역시 반일영화 개망했네 ㅋㅋㅋ이런 걸 누가 보겠음 ㅋㅋ"
"919","리멤버","10",""
"920","낮에는 덥고 밤에는 춥고","10","흘러가는 결말이지만 위험에 노출된 청소년들의 현실을 최소한의 대사와 풍부한 연기와 연출로 보여준다."
"921","시카리오: 데이 오브 솔다도","9","대니 좀 가만 나두면 안대니?"
"922","공조2: 인터내셔날","1","너무 억지스럽게 유명 해외 영화들 장면 똑같이 연출하려함. 공성전하는데 턴제 알피지 보는 것 같았어요. 역사왜곡까진 그냥 판타지라 생각하고 볼 수 있겠고 한두개만 다른 영화 장면 쓴거면 오마주라 할 수 있겠음. 근데 그냥 유명한 장면들 짬뽕하려했다가 꽁치버거된 느낌...영화 좋아하시는 분들이면 보는 내내 다른 영화가 떠오를 수도 있어요. 덕분에 명작 영화들 다시 한 번 보면서 감탄하게 만들어준 영화"
"923","옆집사람","10",""
"924","인생은 아름다워","10","그냥 보고 오세요 진짜 다른 말은 필요없어요"
"925","에브리씽 에브리웨어 올 앳 원스","10","고레에다와는 확실히 다른 차이점이 있습니다, 비교하지 마세요.많은 생각을 담은 게 느껴집니다, 장면마다 공들인 것이 보여 감동적입니다. 가족,가장이라는 존재에 대해서도 많은 생각을 하게 해줍니다.영화를 보고 난 뒤 여러가지 질문이 떠오르는 것 자체가 좋은 작품이라 생각합니다.편안하게 읽히지만 다 보고 나서는 마음 한켠이 먹먹해지며 불편해지는 책처럼 잘 보았습니다."
"926","자백","2","교장이  박보영한테 꽃차 줄때부터 양귀비인거 알아보고 어떤 내용일지 예상한데로 다 흘러감.공포가 아니라 사류 스릴러."
"927","20세기 소녀","10","더불어 산다는 것에 대해 질문을 던지는 영화.함께 걸어 갑시다 !!"
"928","살인청부업자","10","Good    스토리가  지루하지 않았어요"
"929","리멤버","10","마음이 힘든사람들에게 위로가 되고가슴이 뭉클하면서도 따뜻한 내용이네요"
"930","낮에는 덥고 밤에는 춥고","1","팬질은 다른데서 하세요"
"931","시카리오: 데이 오브 솔다도","9","참신하고 좋기만 하구만!!"
"932","공조2: 인터내셔날","8","은근재밌는데ㅋㅋ평점3점대는 오바지"
"933","옆집사람","4","결말이제일별로인영화"
"934","인생은 아름다워","8","좋았어요~ 추천합니다"
"935","에브리씽 에브리웨어 올 앳 원스","8","영화 잘 봤습니다~ㅎㅎ"
"936","자백","2","평점 믿지마라 졷노잼 ㅋㅋ"
"937","20세기 소녀","8","소설속 종수, 버닝하다."
"938","살인청부업자","7","잔잔하고 잔잔하지만 미묘한 감정들"
"939","리멤버","2","간호사 OO때 통쾌 근대 이런 초딩 5학년 몸매케이들 너무 많음 해동도 똑같음ㅋㅋㅋ 연기갑!"
"940","낮에는 덥고 밤에는 춥고","10","전 진짜 재밌게 봤어요~~ 시간이 어떻게 가는 줄 모르고 봤는데..평점이 너무 낮네요.. ㅠㅠ취향에 따라 호불호가 갈릴 것 같긴해요~~"
"941","시카리오: 데이 오브 솔다도","9",""
"942","공조2: 인터내셔날","1",""
"943","옆집사람","10",""
"944","인생은 아름다워","5","내 마음 반, 그리고 알지못하는 너의 마음의 반."
"945","에브리씽 에브리웨어 올 앳 원스","7",""
"946","자백","9","책을읽고 늘 카야가 살아있는듯 한번씩 마음이 아렸는데 영화로 카야를 만나게되다니 설레기까지했어요 소설의 구성을 흩트리지않아 책읽듯 자연스레 감상했네요  오랜만에 영화한편에 촉촉한 감성으로가을 한나절 보냅니다~~!"
"947","20세기 소녀","2","예고만봐도…재미없어보이던데ㅋ보러간사람도 계셨군요…ㅋ"
"948","살인청부업자","10","공모전 소재를 찾던 중 자신을 괴롭히던 층간 소음에 의문을 품으며 윗집 주인을 관찰하기 시작한다. 그리고 윗집 남자 ‘호경’ 박진우 또한 ‘은수’의 존재를 눈치채기 할 수록 재미있어지는 스토리입니다"
"949","리멤버","10",""
"950","낮에는 덥고 밤에는 춥고","1","이렇게 답답한 영화는 살면서 처음 봄"
"951","시카리오: 데이 오브 솔다도","3","이걸 영화라고...."
"952","공조2: 인터내셔날","10","아니 재미없대매... 개재밌구만ㅠ 에스에프와 한국의 도술작 요소를 섞은 것도, 여러 차원의 시공간이 섞인 것도 너무 비범하고 특별한데요...ㅜ아 짜증나 내 2부 내놔"
"953","옆집사람","7","신부님 같은 사람이 아이들을 생각하는 진짜 어른이 아닐까요"
"954","인생은 아름다워","10","7광구의 필이 단지 괴물에서 오렌지 죄수복의 이상한 넘이 나올뿐"
"955","에브리씽 에브리웨어 올 앳 원스","1","!!!!스포주의!!!!흉악범들이 수갑풀고 UFO 탑승 후고속 드리프트 좌회전 우회전 박더니안드로메다 도착완료내 만원 돌려주세요 감독님 ;"
"956","자백","1","아 보지 말걸... 안 보는 게 인생에 도움이 됩니다 연기자들은 너무 훌륭했음 저 영화 웬만하면 다 괜찮다고 생각하는데 이건... 아 그냥 할 말도 없음"
"957","20세기 소녀","10","김유정 배우 연기 진짜 대박이고 첫사랑 내용 이여서 보면서 내용이 살짝 예상갈 수 있지만그래도 반전있는 부분도 있으면서 너무 재밌어요 ㅠ 여운이 계속 남아요 색감도 엄청 이뻐요스토리 너무 좋아요"
"958","살인청부업자","6","남북미 대표얼짱들의 대잔치다들 잘생기긴 진짜 잘생겼네요"
"959","리멤버","10","볼 때마다 몰입하게 되는 영화보는 즐거움, 듣는 즐거움이 있다"
"960","낮에는 덥고 밤에는 춥고","10","전우치를 재밌게봤고 판타지 좋아하는 1인으로 괜찮은 영화임. 연기력 부시는 재밌는데 평점 왜이런지 진심 모르겠음. 2부 얼른 보고싶네요!"
"961","시카리오: 데이 오브 솔다도","10","평점테러다. 내가본 영화중에 오락영화로 손에 꼽을 정도로 재밌다."
"962","공조2: 인터내셔날","10","재밌다…! 2011년작이라니.. 역시 너무 많은 아까운 캐릭터들 마블드라마처럼 다 나오면 좋을텐데ㅜㅜ"
"963","옆집사람","10","배우들의 명품연기와 탄탄한 스토리에감탄할 수 밖에 없었습니다.84분 러닝타임이 마치 184분인것처럼느껴졌고 엔딩시크릿이 올라가는 순간 기립박수를 치고 있는 저를 발견했습니다.초반부에는 약간 지루할 수도 있으나 84분부터 숨막히는듯한 반전재미가 있으니 꼭 끝까지 보시는걸 추천드립니다☆"
"964","인생은 아름다워","6","잘 지내고 있니?"
"965","에브리씽 에브리웨어 올 앳 원스","10","제5원소(97년) vs 외계+인(22년)97년작 압승 ㅋ"
"966","자백","10","개소름 ㄷ ㄷ ㄷ ㄷ 오마이갓 ㄷ ㄷ ㄷ ㄷ"
"967","20세기 소녀","10","너무 재미있게 봤습니딘."
"968","살인청부업자","1","머리속을 비우고 보지않으면 버틸수가 없는영화"
"969","리멤버","1","머리속을 비우고 보지않으면 버틸수가 없는영화"
"970","낮에는 덥고 밤에는 춥고","1","머리속을 비우고 보지않으면 버틸수가 없는영화"
"971","시카리오: 데이 오브 솔다도","1","머리속을 비우고 보지않으면 버틸수가 없는영화"
"972","공조2: 인터내셔날","1","머리속을 비우고 보지않으면 버틸수가 없는영화"
"973","옆집사람","7","B급 감성.. 묘하게 재밌긴 했는데 추천하긴 어렵네요."
"974","인생은 아름다워","2","말도 안되는 반전에 반전.보는 내내 짜증남"
"975","에브리씽 에브리웨어 올 앳 원스","10","설레임을갖고 오랜만에 보는영화였어요"
"976","자백","6","아나키스트식 망상의 결정체"
"977","20세기 소녀","10","상당히 좋은 영화인 것 같은데 정작 나는 별 감흥이 없으니 이제는 진짜로 내가 죽을 때가 된 것 같다. 화요일에도 살아있다면 뭔가 다른게 느껴지려나 다시 한번 보고 싶네."
"978","살인청부업자","10","이정재 감독님의 첫 영화충분히 좋았습니다"
"979","리멤버","10","이 영화가 평점 5점대는 아닌데. 몰입도도 있고 나쁘지 않았음. 못해도 7.5는 나올 영화임."
"980","낮에는 덥고 밤에는 춥고","4","동성애 정당화를 위한 길고 긴 빌드업"
"981","시카리오: 데이 오브 솔다도","2","이건 장애인 비하야 말아톤과는 다르다"
"982","공조2: 인터내셔날","10",""
"983","옆집사람","10","이제야 본거야 나야??"
"984","인생은 아름다워","7","좀 답답하거나 유치한 구석도 있었지만 생각보다 볼만했음. 아쉬웠던 건 좀만 더 세련되고 디테일하게 다듬었으면 해리 포터의 아류작 정도로 더 호평받을 수 있었을 거 같은데 안타까움 그래도 킬링타임은 되는 영화였음."
"985","에브리씽 에브리웨어 올 앳 원스","10","너무 재밌고 확 와 닿아요"
"986","자백","9","마녀 이혜영과 라푼젤 권해효"
"987","20세기 소녀","10","진짜 재밌게 잘 봤습니다 시간 가는줄 몰랐네요"
"988","살인청부업자","10","억지로 감동적인 요소를 집어넣은게 아니라 정말 보는내내 단전에서 올라오는 감동이 어마어마 했다 그리고 감동도 감동인데 개인적으로 보면서 분노를 많이했다 '정말 친일파놈들이 이 시대에 많이 잊혀졌구나' 절대 잊지 말아야 합니다 우리나라 사람들 모두가 이 영화를 보았으면 좋겠습니다. 개인적으로 하루 빨리 광복절에 이 영화가 특선영화로 상영 되길 바랍니다 결이 다른 감동을 보여줍니다. 스토리 보는 내내 긴장감 있었고 시원시원한 액션입니다!!"
"989","리멤버","10","숨조차 편히 쉴 수 없다"
"990","낮에는 덥고 밤에는 춥고","10","의심하다가  진한 사랑의 감동을 느끼게 하는 반전이 놀랍네요"
"991","시카리오: 데이 오브 솔다도","9","1편 보다 못하다는 평이 많아서 오랫동안 안 봤는데, 괜찮은데요?!"
"992","공조2: 인터내셔날","1","거 존나 재미없네 OOO것들 진짜 ㅋㅋ처음에 뭔 북한이랑 미국이랑 범죄인도조약을 맺질 않나, 또 10분뒤에는 파술소 견찰이 잠복근무 방해하면서 되도 않는 개그를 치지 않나..도저히 볼 수가 없는 3류의 3류의 개 3류 영화네"
"993","옆집사람","6","나쁘지 않은 영화네요 킬링타임용으로 괜찮을듯"
"994","인생은 아름다워","9","초딩 중딩 아이들과 다같이 봤는데 모두 눈물 흘렸어요"
"995","에브리씽 에브리웨어 올 앳 원스","8","어이없는 혼란 속에서 터지는 눈물"
"996","자백","5","스토리는 괜찮았는데 김윤진 발성이 어색하고 형사는 국어책을 읽더라 그런 반면 소지섭은 연기를 잘 하더라 나나는 운전을 하면서 소지섭을 계속 대놓고 쳐다보면 어떡하냐 그러다 사고난다 원작이 스페인 작품인데 일본 영화를 보는 느낌이었다 그리고 영화가 지극히 설명적이더라"
"997","20세기 소녀","10","울면서 봤네요 ㅜ오래도록 저릿저릿했어요ㅜ풍운호..완벽하고 완벽하네요"
"998","살인청부업자","10","한국에서도 이런 장르를 상영할 수 있어서 좋은거같아요"
"999","리멤버","10","와 이성민 배우님 연기 미춰요 대박입니이당 재밌어서 벌써 두번이나 봤네요"
"1000","낮에는 덥고 밤에는 춥고","7","주연이 이렇게 연기가 어색한 영화는 처음인듯 그리고 출연진들도 어색 어색 몇년전 보았던 시민극단 연기자들이 동선을 못찾는것 같던 그느낌. 연기도 툭툭 끊기고 주연보다 조연들이 그나마 연기도 더 잘하지만 묘하게 끌리는 영화 결말이 참 맘에든다 추천은 못해도 나는 웃었고 좋았고."
